策划 备注,属性模版ID,属性模版名,等级,生命,攻击,防御,魂力,暴击等级,格挡等级
,id,name,level,hp,attack,defense,soul,crit,parray
,1,悟空,1,650,66,18,2,18,18
,2,重楼,1,640,66,18,2,18,18
,3,龙女,1,630,66,18,2,18,18
,4,白骨精,1,630,66,18,2,18,18
,1001,1级普通小怪,1,600,4,1,0,0,0
,1002,2级普通小怪,2,900,4,2,0,0,0
,1003,3级普通小怪,3,1000,4,2,0,0,0
,1004,4级普通小怪,4,2000,5,2,0,0,0
,1005,5级普通小怪,5,2500,5,2,0,0,0
,1006,6级普通小怪,6,3000,6,2,0,0,0
,1007,7级普通小怪,7,3500,7,3,0,0,0
,1008,8级普通小怪,8,3500,7,3,0,0,0
,1009,9级普通小怪,9,3500,8,3,0,0,0
,1010,10级普通小怪,10,3276,9,5,0,0,0
,1011,11级普通小怪,11,3657,11,5,0,0,0
,1012,12级普通小怪,12,3697,12,6,0,0,0
,1013,13级普通小怪,13,4096,13,6,0,0,0
,1014,14级普通小怪,14,3617,15,7,0,0,0
,1015,15级普通小怪,15,3979,17,8,0,0,0
,1016,16级普通小怪,16,4362,19,9,0,0,0
,1017,17级普通小怪,17,4766,20,10,0,0,0
,1018,18级普通小怪,18,5191,23,11,0,0,0
,1019,19级普通小怪,19,5638,25,12,0,0,0
,1020,20级普通小怪,20,6228,28,13,0,0,0
,1021,21级普通小怪,21,6859,31,15,0,0,0
,1022,22级普通小怪,22,7533,34,16,0,0,0
,1023,23级普通小怪,23,8249,38,18,0,0,0
,1024,24级普通小怪,24,10137,42,20,0,0,0
,1025,25级普通小怪,25,12272,47,22,0,0,0
,1026,26级普通小怪,26,14674,51,25,0,0,0
,1027,27级普通小怪,27,16614,54,26,0,0,0
,1028,28级普通小怪,28,18632,57,27,0,0,0
,1029,29级普通小怪,29,20720,59,28,0,0,0
,1030,30级普通小怪,30,22419,61,29,0,0,0
,1031,31级普通小怪,31,25318,65,31,0,0,0
,1032,32级普通小怪,32,28438,70,34,0,0,0
,1033,33级普通小怪,33,31786,75,36,0,0,0
,1034,34级普通小怪,34,35371,80,38,0,0,0
,1035,35级普通小怪,35,39201,86,41,0,0,0
,1036,36级普通小怪,36,41222,92,44,0,0,0
,1037,37级普通小怪,37,43296,98,47,0,0,0
,1038,38级普通小怪,38,45424,105,50,0,0,0
,1039,39级普通小怪,39,47605,111,53,0,0,0
,1040,40级普通小怪,40,49839,119,57,0,0,0
,1041,41级普通小怪,41,52126,126,60,0,0,0
,1042,42级普通小怪,42,54466,134,64,0,0,0
,1043,43级普通小怪,43,56860,142,68,0,0,0
,1044,44级普通小怪,44,59307,151,72,0,0,0
,1045,45级普通小怪,45,61806,160,77,0,0,0
,1046,46级普通小怪,46,64360,170,81,0,0,0
,1047,47级普通小怪,47,66966,180,86,0,0,0
,1048,48级普通小怪,48,69625,191,91,0,0,0
,1049,49级普通小怪,49,72338,202,97,0,0,0
,1050,50级普通小怪,50,75104,214,102,0,0,0
,1051,51级普通小怪,51,77923,227,108,0,0,0
,1052,52级普通小怪,52,80795,240,115,0,0,0
,1053,53级普通小怪,53,83721,254,122,0,0,0
,1054,54级普通小怪,54,86699,269,129,0,0,0
,1055,55级普通小怪,55,89731,285,136,0,0,0
,1056,56级普通小怪,56,92816,301,144,0,0,0
,1057,57级普通小怪,57,95954,318,152,0,0,0
,1058,58级普通小怪,58,99146,337,161,0,0,0
,1059,59级普通小怪,59,102390,356,170,0,0,0
,1060,60级普通小怪,60,105688,377,180,0,0,0
,1061,61级普通小怪,61,109039,428,205,0,0,0
,1062,62级普通小怪,62,112443,481,230,0,0,0
,1063,63级普通小怪,63,115900,537,257,0,0,0
,1064,64级普通小怪,64,119411,596,285,0,0,0
,1065,65级普通小怪,65,135272,658,315,0,0,0
,1066,66级普通小怪,66,151910,723,345,0,0,0
,1067,67级普通小怪,67,169340,790,378,0,0,0
,1068,68级普通小怪,68,187579,860,411,0,0,0
,1069,69级普通小怪,69,206642,934,446,0,0,0
,1070,70级普通小怪,70,219466,1010,483,0,0,0
,1071,71级普通小怪,71,232758,1064,509,0,0,0
,1072,72级普通小怪,72,246526,1119,535,0,0,0
,1073,73级普通小怪,73,260779,1176,563,0,0,0
,1074,74级普通小怪,74,275523,1236,591,0,0,0
,1075,75级普通小怪,75,290767,1296,620,0,0,0
,1076,76级普通小怪,76,306519,1359,650,0,0,0
,1077,77级普通小怪,77,322787,1424,681,0,0,0
,1078,78级普通小怪,78,339579,1491,713,0,0,0
,1079,79级普通小怪,79,356903,1560,746,0,0,0
,1080,80级普通小怪,80,374776,1630,780,0,0,0
,1081,81级普通小怪,81,393214,1703,814,0,0,0
,1082,82级普通小怪,82,412237,1778,850,0,0,0
,1083,83级普通小怪,83,431864,1856,887,0,0,0
,1084,84级普通小怪,84,452115,1935,925,0,0,0
,1085,85级普通小怪,85,473011,2017,965,0,0,0
,1086,86级普通小怪,86,494574,2102,1005,0,0,0
,1087,87级普通小怪,87,516825,2189,1047,0,0,0
,1088,88级普通小怪,88,539790,2279,1090,0,0,0
,1089,89级普通小怪,89,563492,2372,1134,0,0,0
,1090,90级普通小怪,90,587956,2467,1180,0,0,0
,1091,91级普通小怪,91,613209,2566,1227,0,0,0
,1092,92级普通小怪,92,639277,2668,1276,0,0,0
,1093,93级普通小怪,93,666189,2772,1326,0,0,0
,1094,94级普通小怪,94,693972,2881,1377,0,0,0
,1095,95级普通小怪,95,722656,2992,1431,0,0,0
,1096,96级普通小怪,96,752272,3107,1486,0,0,0
,1097,97级普通小怪,97,782851,3226,1542,0,0,0
,1098,98级普通小怪,98,814424,3348,1601,0,0,0
,1099,99级普通小怪,99,847025,3475,1661,0,0,0
,1100,100级普通小怪,100,880688,3605,1724,0,0,0
,,,,,,,,,
,7001,1级普通精英,1,3319,4,2,0,0,0
,7002,2级普通精英,2,3651,5,2,0,0,0
,7003,3级普通精英,3,4066,5,2,0,0,0
,7004,4级普通精英,4,4564,6,3,0,0,0
,7005,5级普通精英,5,5145,7,3,0,0,0
,7006,6级普通精英,6,5808,7,4,0,0,0
,7007,7级普通精英,7,5547,8,4,0,0,0
,7008,8级普通精英,8,6249,9,4,0,0,0
,7009,9级普通精英,9,7021,11,5,0,0,0
,7010,10级普通精英,10,5719,12,6,0,0,0
,7011,11级普通精英,11,5585,13,6,0,0,0
,7012,12级普通精英,12,5323,15,7,0,0,0
,7013,13级普通精英,13,5898,17,8,0,0,0
,7014,14级普通精英,14,6510,19,9,0,0,0
,7015,15级普通精英,15,7161,21,10,0,0,0
,7016,16级普通精英,16,7851,23,11,0,0,0
,7017,17级普通精英,17,8578,26,12,0,0,0
,7018,18级普通精英,18,9344,28,13,0,0,0
,7019,19级普通精英,19,10149,31,15,0,0,0
,7020,20级普通精英,20,11211,35,17,0,0,0
,7021,21级普通精英,21,12347,39,19,0,0,0
,7022,22级普通精英,22,15818,43,21,0,0,0
,7023,23级普通精英,23,19798,48,23,0,0,0
,7024,24级普通精英,24,24328,53,25,0,0,0
,7025,25级普通精英,25,29453,58,28,0,0,0
,7026,26级普通精英,26,35218,64,31,0,0,0
,7027,27级普通精英,27,39874,68,32,0,0,0
,7028,28级普通精英,28,44717,71,34,0,0,0
,7029,29级普通精英,29,49728,74,36,0,0,0
,7030,30级普通精英,30,53807,76,36,0,0,0
,7031,31级普通精英,31,60764,82,39,0,0,0
,7032,32级普通精英,32,68251,88,42,0,0,0
,7033,33级普通精英,33,76287,94,45,0,0,0
,7034,34级普通精英,34,84891,101,48,0,0,0
,7035,35级普通精英,35,94082,108,51,0,0,0
,7036,36级普通精英,36,98933,115,55,0,0,0
,7037,37级普通精英,37,103911,123,59,0,0,0
,7038,38级普通精英,38,109018,131,62,0,0,0
,7039,39级普通精英,39,114252,139,67,0,0,0
,7040,40级普通精英,40,119613,148,71,0,0,0
,7041,41级普通精英,41,125102,158,75,0,0,0
,7042,42级普通精英,42,130719,167,80,0,0,0
,7043,43级普通精英,43,136464,178,85,0,0,0
,7044,44级普通精英,44,142336,189,90,0,0,0
,7045,45级普通精英,45,148336,200,96,0,0,0
,7046,46级普通精英,46,154463,213,102,0,0,0
,7047,47级普通精英,47,160718,225,108,0,0,0
,7048,48级普通精英,48,167101,239,114,0,0,0
,7049,49级普通精英,49,173611,253,121,0,0,0
,7050,50级普通精英,50,180249,268,128,0,0,0
,7051,51级普通精英,51,187015,284,136,0,0,0
,7052,52级普通精英,52,193908,300,144,0,0,0
,7053,53级普通精英,53,200930,318,152,0,0,0
,7054,54级普通精英,54,208078,336,161,0,0,0
,7055,55级普通精英,55,215355,356,170,0,0,0
,7056,56级普通精英,56,222759,376,180,0,0,0
,7057,57级普通精英,57,230290,398,190,0,0,0
,7058,58级普通精英,58,237950,421,201,0,0,0
,7059,59级普通精英,59,245737,445,213,0,0,0
,7060,60级普通精英,60,253651,471,225,0,0,0
,7061,61级普通精英,61,261693,535,256,0,0,0
,7062,62级普通精英,62,269863,602,288,0,0,0
,7063,63级普通精英,63,278161,672,321,0,0,0
,7064,64级普通精英,64,286586,745,356,0,0,0
,7065,65级普通精英,65,324653,822,393,0,0,0
,7066,66级普通精英,66,364584,903,432,0,0,0
,7067,67级普通精英,67,406416,987,472,0,0,0
,7068,68级普通精英,68,450189,1075,514,0,0,0
,7069,69级普通精英,69,495941,1167,558,0,0,0
,7070,70级普通精英,70,526719,1263,604,0,0,0
,7071,71级普通精英,71,558620,1330,636,0,0,0
,7072,72级普通精英,72,591663,1399,669,0,0,0
,7073,73级普通精英,73,625869,1471,703,0,0,0
,7074,74级普通精英,74,661255,1544,738,0,0,0
,7075,75级普通精英,75,697841,1621,775,0,0,0
,7076,76级普通精英,76,735646,1699,812,0,0,0
,7077,77级普通精英,77,774689,1780,851,0,0,0
,7078,78级普通精英,78,814990,1864,891,0,0,0
,7079,79级普通精英,79,856567,1949,932,0,0,0
,7080,80级普通精英,80,899461,2038,974,0,0,0
,7081,81级普通精英,81,943714,2129,1018,0,0,0
,7082,82级普通精英,82,989370,2223,1063,0,0,0
,7083,83级普通精英,83,1036475,2320,1109,0,0,0
,7084,84级普通精英,84,1085077,2419,1157,0,0,0
,7085,85级普通精英,85,1135227,2522,1206,0,0,0
,7086,86级普通精英,86,1186977,2628,1256,0,0,0
,7087,87级普通精英,87,1240381,2737,1308,0,0,0
,7088,88级普通精英,88,1295496,2849,1362,0,0,0
,7089,89级普通精英,89,1352381,2965,1418,0,0,0
,7090,90级普通精英,90,1411095,3084,1475,0,0,0
,7091,91级普通精英,91,1471702,3207,1534,0,0,0
,7092,92级普通精英,92,1534265,3334,1594,0,0,0
,7093,93级普通精英,93,1598853,3466,1657,0,0,0
,7094,94级普通精英,94,1665532,3601,1722,0,0,0
,7095,95级普通精英,95,1734374,3740,1788,0,0,0
,7096,96级普通精英,96,1805453,3884,1857,0,0,0
,7097,97级普通精英,97,1878842,4032,1928,0,0,0
,7098,98级普通精英,98,1954618,4185,2001,0,0,0
,7099,99级普通精英,99,2032860,4343,2077,0,0,0
,7100,100级普通精英,100,2113650,4506,2155,0,0,0
,,,,,,,,,
,9001,1级普通boss,1,1000,5,2,0,4,4
,9002,2级普通boss,2,1400,6,3,0,4,4
,9003,3级普通boss,3,2000,6,3,0,5,5
,9004,4级普通boss,4,4500,7,3,0,5,5
,9005,5级普通boss,5,6000,8,4,0,6,6
,9006,6级普通boss,6,8000,9,4,0,7,7
,9007,7级普通boss,7,12000,10,5,0,8,8
,9008,8级普通boss,8,10415,11,5,0,9,9
,9009,9级普通boss,9,11702,13,6,0,10,10
,9010,10级普通boss,10,13106,14,7,0,11,11
,9011,11级普通boss,11,14627,16,8,0,12,12
,9012,12级普通boss,12,14787,18,9,0,14,14
,9013,13级普通boss,13,16382,20,10,0,15,15
,9014,14级普通boss,14,14468,23,11,0,17,17
,9015,15级普通boss,15,15914,25,12,0,19,19
,9016,16级普通boss,16,17446,28,13,0,21,21
,9017,17级普通boss,17,19063,31,15,0,23,23
,9018,18级普通boss,18,20765,34,16,0,26,26
,9019,19级普通boss,19,22552,37,18,0,28,28
,9020,20级普通boss,20,24913,42,20,0,32,32
,9021,21级普通boss,21,27437,46,22,0,35,35
,9022,22级普通boss,22,30130,52,25,0,39,39
,9023,23级普通boss,23,32996,57,27,0,43,43
,9024,24级普通boss,24,40547,63,30,0,48,48
,9025,25级普通boss,25,49088,70,33,0,53,53
,9026,26级普通boss,26,58696,77,37,0,58,58
,9027,27级普通boss,27,66456,81,39,0,61,61
,9028,28级普通boss,28,74529,85,41,0,64,64
,9029,29级普通boss,29,82880,89,43,0,67,67
,9030,30级普通boss,30,89678,91,44,0,69,69
,9031,31级普通boss,31,101273,98,47,0,74,74
,9032,32级普通boss,32,113752,105,50,0,80,80
,9033,33级普通boss,33,127145,113,54,0,85,85
,9034,34级普通boss,34,141485,121,58,0,91,91
,9035,35级普通boss,35,156803,129,62,0,98,98
,9036,36级普通boss,36,164888,138,66,0,104,104
,9037,37级普通boss,37,173186,147,70,0,111,111
,9038,38级普通boss,38,181696,157,75,0,119,119
,9039,39级普通boss,39,190419,167,80,0,126,126
,9040,40级普通boss,40,199355,178,85,0,134,134
,9041,41级普通boss,41,208504,189,90,0,143,143
,9042,42级普通boss,42,217865,201,96,0,152,152
,9043,43级普通boss,43,227439,213,102,0,162,162
,9044,44级普通boss,44,237226,227,108,0,171,171
,9045,45级普通boss,45,247226,241,115,0,182,182
,9046,46级普通boss,46,257438,255,122,0,193,193
,9047,47级普通boss,47,267863,270,129,0,205,205
,9048,48级普通boss,48,278501,287,137,0,217,217
,9049,49级普通boss,49,289352,304,145,0,230,230
,9050,50级普通boss,50,300416,321,154,0,243,243
,9051,51级普通boss,51,311692,340,163,0,257,257
,9052,52级普通boss,52,323181,360,172,0,273,273
,9053,53级普通boss,53,334883,381,182,0,288,288
,9054,54级普通boss,54,346797,403,193,0,305,305
,9055,55级普通boss,55,358924,427,204,0,323,323
,9056,56级普通boss,56,371264,451,216,0,342,342
,9057,57级普通boss,57,383817,478,228,0,361,361
,9058,58级普通boss,58,396583,505,242,0,382,382
,9059,59级普通boss,59,409561,534,256,0,404,404
,9060,60级普通boss,60,422752,565,270,0,428,428
,9061,61级普通boss,61,436156,642,307,0,485,485
,9062,62级普通boss,62,449772,722,345,0,546,546
,9063,63级普通boss,63,463602,806,385,0,610,610
,9064,64级普通boss,64,477644,894,428,0,677,677
,9065,65级普通boss,65,541088,987,472,0,747,747
,9066,66级普通boss,66,607639,1084,518,0,820,820
,9067,67级普通boss,67,677361,1185,567,0,896,896
,9068,68级普通boss,68,750316,1290,617,0,976,976
,9069,69级普通boss,69,826568,1401,670,0,1059,1059
,9070,70级普通boss,70,877865,1515,725,0,1146,1146
,9071,71级普通boss,71,931033,1596,763,0,1207,1207
,9072,72级普通boss,72,986106,1679,803,0,1270,1270
,9073,73级普通boss,73,1043114,1765,844,0,1335,1335
,9074,74级普通boss,74,1102091,1853,886,0,1402,1402
,9075,75级普通boss,75,1163068,1945,930,0,1471,1471
,9076,76级普通boss,76,1226076,2039,975,0,1542,1542
,9077,77级普通boss,77,1291149,2136,1021,0,1616,1616
,9078,78级普通boss,78,1358317,2236,1069,0,1692,1692
,9079,79级普通boss,79,1427612,2339,1119,0,1770,1770
,9080,80级普通boss,80,1499102,2445,1169,0,1850,1850
,9081,81级普通boss,81,1572857,2555,1222,0,1933,1933
,9082,82级普通boss,82,1648950,2667,1275,0,2018,2018
,9083,83级普通boss,83,1727458,2783,1331,0,2106,2106
,9084,84级普通boss,84,1808461,2903,1388,0,2196,2196
,9085,85级普通boss,85,1892044,3026,1447,0,2289,2289
,9086,86级普通boss,86,1978294,3153,1508,0,2385,2385
,9087,87级普通boss,87,2067302,3284,1570,0,2484,2484
,9088,88级普通boss,88,2159160,3419,1635,0,2586,2586
,9089,89级普通boss,89,2253968,3558,1701,0,2691,2691
,9090,90级普通boss,90,2351825,3701,1770,0,2800,2800
,9091,91级普通boss,91,2452836,3849,1840,0,2912,2912
,9092,92级普通boss,92,2557109,4001,1913,0,3027,3027
,9093,93级普通boss,93,2664754,4159,1988,0,3146,3146
,9094,94级普通boss,94,2775887,4321,2066,0,3269,3269
,9095,95级普通boss,95,2890624,4488,2146,0,3395,3395
,9096,96级普通boss,96,3009088,4661,2229,0,3526,3526
,9097,97级普通boss,97,3131403,4839,2314,0,3660,3660
,9098,98级普通boss,98,3257696,5022,2402,0,3799,3799
,9099,99级普通boss,99,3388100,5212,2492,0,3943,3943
,9100,100级普通boss,100,3522750,5408,2586,0,4091,4091
,,,,,,,,,
,11001,1级精英小怪,1,1532,7,3,0,3,3
,11002,2级精英小怪,2,1685,7,4,0,3,3
,11003,3级精英小怪,3,1877,8,4,0,4,4
,11004,4级精英小怪,4,2106,9,4,0,4,4
,11005,5级精英小怪,5,2374,10,5,0,5,5
,11006,6级精英小怪,6,2681,12,6,0,5,5
,11007,7级精英小怪,7,3025,13,6,0,6,6
,11008,8级精英小怪,8,3408,15,7,0,7,7
,11009,9级精英小怪,9,3830,17,8,0,8,8
,11010,10级精英小怪,10,4289,19,9,0,9,9
,11011,11级精英小怪,11,4787,21,10,0,10,10
,11012,12级精英小怪,12,5323,24,11,0,11,11
,11013,13级精英小怪,13,5898,27,13,0,12,12
,11014,14级精英小怪,14,6510,30,14,0,14,14
,11015,15级精英小怪,15,7161,33,16,0,15,15
,11016,16级精英小怪,16,7851,37,18,0,17,17
,11017,17级精英小怪,17,8578,41,20,0,19,19
,11018,18级精英小怪,18,9344,45,22,0,20,20
,11019,19级精英小怪,19,10149,50,24,0,23,23
,11020,20级精英小怪,20,11211,56,27,0,25,25
,11021,21级精英小怪,21,16462,62,30,0,28,28
,11022,22级精英小怪,22,22598,69,33,0,31,31
,11023,23级精英小怪,23,29697,76,37,0,35,35
,11024,24级精英小怪,24,37843,85,40,0,38,38
,11025,25级精英小怪,25,47124,93,45,0,42,42
,11026,26级精英小怪,26,57629,103,49,0,47,47
,11027,27级精英小怪,27,66456,108,52,0,49,49
,11028,28级精英小怪,28,68796,114,54,0,52,52
,11029,29级精英小怪,29,71040,119,57,0,54,54
,11030,30级精英小怪,30,71742,122,58,0,55,55
,11031,31级精英小怪,31,75955,131,63,0,59,59
,11032,32级精英小怪,32,80295,140,67,0,64,64
,11033,33级精英小怪,33,84763,150,72,0,68,68
,11034,34级精英小怪,34,89359,161,77,0,73,73
,11035,35级精英小怪,35,94082,172,82,0,78,78
,11036,36级精英小怪,36,98933,184,88,0,83,83
,11037,37级精英小怪,37,103911,196,94,0,89,89
,11038,38级精英小怪,38,109018,209,100,0,95,95
,11039,39级精英小怪,39,114252,223,106,0,101,101
,11040,40级精英小怪,40,119613,237,113,0,108,108
,11041,41级精英小怪,41,125102,252,121,0,114,114
,11042,42级精英小怪,42,130719,268,128,0,122,122
,11043,43级精英小怪,43,136464,285,136,0,129,129
,11044,44级精英小怪,44,142336,302,145,0,137,137
,11045,45级精英小怪,45,148336,321,153,0,146,146
,11046,46级精英小怪,46,154463,340,163,0,154,154
,11047,47级精英小怪,47,160718,361,172,0,164,164
,11048,48级精英小怪,48,167101,382,183,0,173,173
,11049,49级精英小怪,49,173611,405,194,0,184,184
,11050,50级精英小怪,50,198274,536,256,0,243,243
,11051,51级精英小怪,51,224418,584,279,0,265,265
,11052,52级精英小怪,52,252081,634,303,0,288,288
,11053,53级精英小怪,53,281301,687,328,0,312,312
,11054,54级精英小怪,54,312117,742,355,0,337,337
,11055,55级精英小怪,55,323032,800,383,0,363,363
,11056,56级精英小怪,56,334138,861,412,0,391,391
,11057,57级精英小怪,57,345435,924,442,0,419,419
,11058,58级精英小怪,58,356924,990,473,0,449,449
,11059,59级精英小怪,59,368605,1059,506,0,481,481
,11060,60级精英小怪,60,380477,1131,541,0,513,513
,11061,61级精英小怪,61,392540,1206,577,0,547,547
,11062,62级精英小怪,62,404795,1284,614,0,583,583
,11063,63级精英小怪,63,417241,1364,652,0,619,619
,11064,64级精英小怪,64,429879,1448,692,0,657,657
,11065,65级精英小怪,65,442709,1535,734,0,697,697
,11066,66级精英小怪,66,455730,1626,777,0,738,738
,11067,67级精英小怪,67,468942,1719,822,0,780,780
,11068,68级精英小怪,68,482346,1816,868,0,824,824
,11069,69级精英小怪,69,495941,1916,916,0,870,870
,11070,70级精英小怪,70,526719,2020,966,0,917,917
,11071,71级精英小怪,71,558620,2128,1017,0,966,966
,11072,72级精英小怪,72,591663,2238,1070,0,1016,1016
,11073,73级精英小怪,73,625869,2353,1125,0,1068,1068
,11074,74级精英小怪,74,661255,2471,1182,0,1122,1122
,11075,75级精英小怪,75,697841,2593,1240,0,1177,1177
,11076,76级精英小怪,76,735646,2719,1300,0,1234,1234
,11077,77级精英小怪,77,774689,2848,1362,0,1293,1293
,11078,78级精英小怪,78,814990,2982,1426,0,1353,1353
,11079,79级精英小怪,79,856567,3119,1491,0,1416,1416
,11080,80级精英小怪,80,899461,3261,1559,0,1480,1480
,11081,81级精英小怪,81,943714,3406,1629,0,1546,1546
,11082,82级精英小怪,82,989370,3557,1701,0,1614,1614
,11083,83级精英小怪,83,1036475,3711,1775,0,1684,1684
,11084,84级精英小怪,84,1085077,3871,1851,0,1757,1757
,11085,85级精英小怪,85,1135227,4035,1929,0,1831,1831
,11086,86级精英小怪,86,1186977,4204,2010,0,1908,1908
,11087,87级精英小怪,87,1240381,4378,2094,0,1987,1987
,11088,88级精英小怪,88,1295496,4558,2180,0,2069,2069
,11089,89级精英小怪,89,1352381,4744,2268,0,2153,2153
,11090,90级精英小怪,90,1411095,4935,2360,0,2240,2240
,11091,91级精英小怪,91,1471702,5132,2454,0,2329,2329
,11092,92级精英小怪,92,1534265,5335,2551,0,2422,2422
,11093,93级精英小怪,93,1598853,5545,2651,0,2517,2517
,11094,94级精英小怪,94,1665532,5761,2755,0,2615,2615
,11095,95级精英小怪,95,1734374,5984,2861,0,2716,2716
,11096,96级精英小怪,96,1805453,6214,2971,0,2821,2821
,11097,97级精英小怪,97,1878842,6452,3085,0,2928,2928
,11098,98级精英小怪,98,1954618,6697,3202,0,3039,3039
,11099,99级精英小怪,99,2032860,6949,3323,0,3154,3154
,11100,100级精英小怪,100,2113650,7210,3448,0,3273,3273
,,,,,,,,,
,17001,1级精英精英,1,5532,8,4,0,5,5
,17002,2级精英精英,2,6085,9,4,0,5,5
,17003,3级精英精英,3,6776,10,5,0,6,6
,17004,4级精英精英,4,7606,12,6,0,6,6
,17005,5级精英精英,5,8574,13,6,0,7,7
,17006,6级精英精英,6,9681,15,7,0,8,8
,17007,7级精英精英,7,9244,17,8,0,9,9
,17008,8级精英精英,8,10415,19,9,0,10,10
,17009,9级精英精英,9,11702,21,10,0,11,11
,17010,10级精英精英,10,13106,24,11,0,13,13
,17011,11级精英精英,11,14627,27,13,0,15,15
,17012,12级精英精英,12,14787,30,14,0,16,16
,17013,13级精英精英,13,16382,34,16,0,18,18
,17014,14级精英精英,14,14468,38,18,0,20,20
,17015,15级精英精英,15,15914,42,20,0,23,23
,17016,16级精英精英,16,17446,46,22,0,25,25
,17017,17级精英精英,17,19063,51,24,0,28,28
,17018,18级精英精英,18,20765,56,27,0,31,31
,17019,19级精英精英,19,22552,62,30,0,34,34
,17020,20级精英精英,20,24913,69,33,0,38,38
,17021,21级精英精英,21,27437,77,37,0,42,42
,17022,22级精英精英,22,30130,86,41,0,47,47
,17023,23级精英精英,23,32996,96,46,0,52,52
,17024,24级精英精英,24,40547,106,51,0,58,58
,17025,25级精英精英,25,49088,117,56,0,64,64
,17026,26级精英精英,26,58696,129,61,0,70,70
,17027,27级精英精英,27,66456,135,65,0,74,74
,17028,28级精英精英,28,74529,142,68,0,77,77
,17029,29级精英精英,29,82880,149,71,0,81,81
,17030,30级精英精英,30,89678,152,73,0,83,83
,17031,31级精英精英,31,101273,164,78,0,89,89
,17032,32级精英精英,32,113752,176,84,0,96,96
,17033,33级精英精英,33,127145,188,90,0,102,102
,17034,34级精英精英,34,141485,201,96,0,110,110
,17035,35级精英精英,35,156803,215,103,0,117,117
,17036,36级精英精英,36,164888,230,110,0,125,125
,17037,37级精英精英,37,173186,245,117,0,134,134
,17038,38级精英精英,38,181696,261,125,0,142,142
,17039,39级精英精英,39,190419,278,133,0,152,152
,17040,40级精英精英,40,199355,296,142,0,161,161
,17041,41级精英精英,41,208504,315,151,0,172,172
,17042,42级精英精英,42,217865,335,160,0,182,182
,17043,43级精英精英,43,227439,356,170,0,194,194
,17044,44级精英精英,44,237226,378,181,0,206,206
,17045,45级精英精英,45,247226,401,192,0,218,218
,17046,46级精英精英,46,257438,425,203,0,232,232
,17047,47级精英精英,47,267863,451,216,0,245,245
,17048,48级精英精英,48,278501,478,228,0,260,260
,17049,49级精英精英,49,289352,506,242,0,276,276
,17050,50级精英精英,50,330457,670,320,0,365,365
,17051,51级精英精英,51,374030,730,349,0,397,397
,17052,52级精英精英,52,420135,793,379,0,432,432
,17053,53级精英精英,53,468836,859,411,0,468,468
,17054,54级精英精英,54,520196,928,444,0,505,505
,17055,55级精英精英,55,574279,1000,478,0,545,545
,17056,56级精英精英,56,631149,1076,515,0,586,586
,17057,57级精英精英,57,652489,1155,552,0,629,629
,17058,58级精英精英,58,674190,1238,592,0,674,674
,17059,59级精英精英,59,696254,1324,633,0,721,721
,17060,60级精英精英,60,718678,1414,676,0,770,770
,17061,61级精英精英,61,741465,1507,721,0,821,821
,17062,62级精英精英,62,764613,1604,767,0,874,874
,17063,63级精英精英,63,788123,1705,815,0,929,929
,17064,64级精英精英,64,811994,1810,866,0,986,986
,17065,65级精英精英,65,836228,1919,918,0,1045,1045
,17066,66级精英精英,66,860823,2032,972,0,1107,1107
,17067,67级精英精英,67,885779,2149,1028,0,1170,1170
,17068,68级精英精英,68,911097,2270,1086,0,1236,1236
,17069,69级精英精英,69,936777,2396,1145,0,1305,1305
,17070,70级精英精英,70,962819,2525,1208,0,1375,1375
,17071,71级精英精英,71,989223,2659,1272,0,1449,1449
,17072,72级精英精英,72,1015988,2798,1338,0,1524,1524
,17073,73级精英精英,73,1043114,2941,1406,0,1602,1602
,17074,74级精英精英,74,1102091,3089,1477,0,1682,1682
,17075,75级精英精英,75,1163068,3241,1550,0,1765,1765
,17076,76级精英精英,76,1226076,3398,1625,0,1851,1851
,17077,77级精英精英,77,1291149,3560,1702,0,1939,1939
,17078,78级精英精英,78,1358317,3727,1782,0,2030,2030
,17079,79级精英精英,79,1427612,3899,1864,0,2124,2124
,17080,80级精英精英,80,1499102,4076,1949,0,2220,2220
,17081,81级精英精英,81,1572857,4258,2036,0,2319,2319
,17082,82级精英精英,82,1648950,4446,2126,0,2421,2421
,17083,83级精英精英,83,1727458,4639,2218,0,2527,2527
,17084,84级精英精英,84,1808461,4838,2313,0,2635,2635
,17085,85级精英精英,85,1892044,5043,2412,0,2747,2747
,17086,86级精英精英,86,1978294,5255,2513,0,2862,2862
,17087,87级精英精英,87,2067302,5473,2617,0,2981,2981
,17088,88级精英精英,88,2159160,5698,2724,0,3103,3103
,17089,89级精英精英,89,2253968,5930,2835,0,3230,3230
,17090,90级精英精英,90,2351825,6169,2950,0,3360,3360
,17091,91级精英精英,91,2452836,6415,3067,0,3494,3494
,17092,92级精英精英,92,2557109,6669,3189,0,3632,3632
,17093,93级精英精英,93,2664754,6931,3314,0,3775,3775
,17094,94级精英精英,94,2775887,7201,3443,0,3922,3922
,17095,95级精英精英,95,2890624,7480,3577,0,4074,4074
,17096,96级精英精英,96,3009088,7768,3714,0,4231,4231
,17097,97级精英精英,97,3131403,8065,3856,0,4392,4392
,17098,98级精英精英,98,3257696,8371,4003,0,4559,4559
,17099,99级精英精英,99,3388100,8687,4154,0,4731,4731
,17100,100级精英精英,100,3522750,9013,4309,0,4909,4909
,,,,,,,,,
,19001,1级精英boss,1,9957,10,5,0,6,6
,19002,2级精英boss,2,10953,11,5,0,7,7
,19003,3级精英boss,3,12197,12,6,0,8,8
,19004,4级精英boss,4,13691,14,7,0,8,8
,19005,5级精英boss,5,15434,16,7,0,9,9
,19006,6级精英boss,6,17425,18,8,0,11,11
,19007,7级精英boss,7,16640,20,10,0,12,12
,19008,8级精英boss,8,18746,23,11,0,14,14
,19009,9级精英boss,9,21063,25,12,0,15,15
,19010,10级精英boss,10,23591,28,14,0,17,17
,19011,11级精英boss,11,26329,32,15,0,19,19
,19012,12级精英boss,12,26616,36,17,0,22,22
,19013,13级精英boss,13,29488,40,19,0,24,24
,19014,14级精英boss,14,26042,45,22,0,27,27
,19015,15级精英boss,15,28646,50,24,0,30,30
,19016,16级精英boss,16,31403,56,27,0,34,34
,19017,17级精英boss,17,34314,61,29,0,37,37
,19018,18级精英boss,18,37377,68,32,0,41,41
,19019,19级精英boss,19,40594,74,36,0,45,45
,19020,20级精英boss,20,44844,83,40,0,50,50
,19021,21级精英boss,21,49387,93,44,0,56,56
,19022,22级精英boss,22,54234,103,49,0,63,63
,19023,23级精英boss,23,59393,115,55,0,69,69
,19024,24级精英boss,24,72984,127,61,0,77,77
,19025,25级精英boss,25,88358,140,67,0,85,85
,19026,26级精英boss,26,105653,154,74,0,93,93
,19027,27级精英boss,27,119621,162,78,0,98,98
,19028,28级精英boss,28,134152,170,81,0,103,103
,19029,29级精英boss,29,149184,178,85,0,108,108
,19030,30级精英boss,30,161420,183,87,0,111,111
,19031,31级精英boss,31,182292,196,94,0,119,119
,19032,32级精英boss,32,204753,211,101,0,127,127
,19033,33级精英boss,33,228860,226,108,0,137,137
,19034,34级精英boss,34,254672,241,115,0,146,146
,19035,35级精英boss,35,282246,258,123,0,156,156
,19036,36级精英boss,36,296799,276,132,0,167,167
,19037,37级精英boss,37,311734,294,141,0,178,178
,19038,38级精英boss,38,327053,314,150,0,190,190
,19039,39级精英boss,39,342755,334,160,0,202,202
,19040,40级精英boss,40,358839,356,170,0,215,215
,19041,41级精英boss,41,375307,378,181,0,229,229
,19042,42级精英boss,42,392157,402,192,0,243,243
,19043,43级精英boss,43,409391,427,204,0,258,258
,19044,44级精英boss,44,427007,453,217,0,274,274
,19045,45级精英boss,45,445007,481,230,0,291,291
,19046,46级精英boss,46,463389,510,244,0,309,309
,19047,47级精英boss,47,482154,541,259,0,327,327
,19048,48级精英boss,48,501303,573,274,0,347,347
,19049,49级精英boss,49,520834,607,290,0,367,367
,19050,50级精英boss,50,648898,804,384,0,486,486
,19051,51级精英boss,51,785463,876,419,0,530,530
,19052,52级精英boss,52,930761,951,455,0,576,576
,19053,53级精英boss,53,1085019,1030,493,0,624,624
,19054,54级精英boss,54,1248469,1113,532,0,674,674
,19055,55级精英boss,55,1292127,1200,574,0,726,726
,19056,56级精英boss,56,1336551,1291,617,0,781,781
,19057,57级精英boss,57,1381741,1386,663,0,839,839
,19058,58级精英boss,58,1427697,1485,710,0,899,899
,19059,59级精英boss,59,1474419,1589,760,0,961,961
,19060,60级精英boss,60,1521907,1696,811,0,1027,1027
,19061,61级精英boss,61,1570161,1809,865,0,1095,1095
,19062,62级精英boss,62,1619180,1925,921,0,1165,1165
,19063,63级精英boss,63,1668966,2046,979,0,1238,1238
,19064,64级精英boss,64,1719517,2172,1039,0,1315,1315
,19065,65级精英boss,65,1770835,2303,1101,0,1394,1394
,19066,66级精英boss,66,1822918,2438,1166,0,1476,1476
,19067,67级精英boss,67,1875768,2579,1233,0,1561,1561
,19068,68级精英boss,68,1929383,2724,1303,0,1649,1649
,19069,69级精英boss,69,1983764,2875,1375,0,1740,1740
,19070,70级精英boss,70,2038911,3030,1449,0,1834,1834
,19071,71级精英boss,71,2094824,3191,1526,0,1931,1931
,19072,72级精英boss,72,2151503,3358,1605,0,2032,2032
,19073,73级精英boss,73,2208948,3529,1688,0,2136,2136
,19074,74级精英boss,74,2267159,3707,1772,0,2243,2243
,19075,75级精英boss,75,2326136,3889,1860,0,2354,2354
,19076,76级精英boss,76,2385878,4078,1950,0,2468,2468
,19077,77级精英boss,77,2446387,4272,2043,0,2586,2586
,19078,78级精英boss,78,2507662,4473,2139,0,2707,2707
,19079,79级精英boss,79,2569702,4679,2237,0,2831,2831
,19080,80级精英boss,80,2698384,4891,2339,0,2960,2960
,19081,81级精英boss,81,2831142,5110,2443,0,3092,3092
,19082,82级精英boss,82,2968109,5335,2551,0,3229,3229
,19083,83级精英boss,83,3109424,5567,2662,0,3369,3369
,19084,84级精英boss,84,3255230,5806,2776,0,3514,3514
,19085,85级精英boss,85,3405680,6052,2894,0,3663,3663
,19086,86级精英boss,86,3560930,6306,3015,0,3816,3816
,19087,87级精英boss,87,3721143,6568,3140,0,3975,3975
,19088,88级精英boss,88,3886489,6837,3269,0,4138,4138
,19089,89级精英boss,89,4057142,7116,3402,0,4306,4306
,19090,90级精英boss,90,4233285,7402,3539,0,4480,4480
,19091,91级精英boss,91,4415105,7698,3681,0,4659,4659
,19092,92级精英boss,92,4602796,8003,3827,0,4843,4843
,19093,93级精英boss,93,4796558,8317,3977,0,5033,5033
,19094,94级精英boss,94,4996596,8642,4132,0,5230,5230
,19095,95级精英boss,95,5203123,8976,4292,0,5432,5432
,19096,96级精英boss,96,5416358,9321,4457,0,5641,5641
,19097,97级精英boss,97,5636525,9677,4627,0,5857,5857
,19098,98级精英boss,98,5863853,10045,4803,0,6079,6079
,19099,99级精英boss,99,6098581,10424,4984,0,6308,6308
,19100,100级精英boss,100,6340950,10815,5171,0,6545,6545
,,,,,,,,,
,21001,1级魔王小怪,1,10212,12,6,0,6,6
,21002,2级魔王小怪,2,11234,13,6,0,7,7
,21003,3级魔王小怪,3,12510,14,7,0,8,8
,21004,4级魔王小怪,4,14042,16,8,0,8,8
,21005,5级魔王小怪,5,15829,18,9,0,9,9
,21006,6级魔王小怪,6,17872,21,10,0,11,11
,21007,7级魔王小怪,7,20170,23,11,0,12,12
,21008,8级魔王小怪,8,22723,26,13,0,14,14
,21009,9级魔王小怪,9,25531,30,14,0,15,15
,21010,10级魔王小怪,10,28595,33,16,0,17,17
,21011,11级魔王小怪,11,31914,37,18,0,19,19
,21012,12级魔王小怪,12,35488,42,20,0,22,22
,21013,13级魔王小怪,13,39318,47,22,0,24,24
,21014,14级魔王小怪,14,43403,53,25,0,27,27
,21015,15级魔王小怪,15,47743,58,28,0,30,30
,21016,16级魔王小怪,16,52339,65,31,0,34,34
,21017,17级魔王小怪,17,57190,72,34,0,37,37
,21018,18级魔王小怪,18,62296,79,38,0,41,41
,21019,19级魔王小怪,19,67657,87,42,0,45,45
,21020,20级魔王小怪,20,74740,97,46,0,50,50
,21021,21级魔王小怪,21,82312,108,52,0,56,56
,21022,22级魔王小怪,22,90390,121,58,0,63,63
,21023,23级魔王小怪,23,98989,134,64,0,69,69
,21024,24级魔王小怪,24,108124,148,71,0,77,77
,21025,25级魔王小怪,25,117811,163,78,0,85,85
,21026,26级魔王小怪,26,128064,180,86,0,93,93
,21027,27级魔王小怪,27,132912,189,91,0,98,98
,21028,28级魔王小怪,28,137592,199,95,0,103,103
,21029,29级魔王小怪,29,142080,208,100,0,108,108
,21030,30级魔王小怪,30,143485,213,102,0,111,111
,21031,31级魔王小怪,31,167101,229,110,0,119,119
,21032,32级魔王小怪,32,192709,246,117,0,127,127
,21033,33级魔王小怪,33,220384,263,126,0,137,137
,21034,34级魔王小怪,34,250204,282,135,0,146,146
,21035,35级魔王小怪,35,282246,301,144,0,156,156
,21036,36级魔王小怪,36,316585,322,154,0,167,167
,21037,37级魔王小怪,37,353299,343,164,0,178,178
,21038,38级魔王小怪,38,392464,366,175,0,190,190
,21039,39级魔王小怪,39,434156,390,186,0,202,202
,21040,40级魔王小怪,40,478452,415,198,0,215,215
,21041,41级魔王小怪,41,500409,441,211,0,229,229
,21042,42级魔王小怪,42,522876,469,224,0,243,243
,21043,43级魔王小怪,43,545854,498,238,0,258,258
,21044,44级魔王小怪,44,569343,529,253,0,274,274
,21045,45级魔王小怪,45,593342,561,268,0,291,291
,21046,46级魔王小怪,46,617852,595,285,0,309,309
,21047,47级魔王小怪,47,642872,631,302,0,327,327
,21048,48级魔王小怪,48,668403,669,320,0,347,347
,21049,49级魔王小怪,49,694445,708,339,0,367,367
,21050,50级魔王小怪,50,757047,938,448,0,486,486
,21051,51级魔王小怪,51,822866,1021,488,0,530,530
,21052,52级魔王小怪,52,891979,1110,531,0,576,576
,21053,53级魔王小怪,53,964462,1202,575,0,624,624
,21054,54级魔王小怪,54,1040391,1299,621,0,674,674
,21055,55级魔王小怪,55,1119844,1400,670,0,726,726
,21056,56级魔王小怪,56,1202896,1506,720,0,781,781
,21057,57级魔王小怪,57,1289625,1617,773,0,839,839
,21058,58级魔王小怪,58,1380107,1733,829,0,899,899
,21059,59级魔王小怪,59,1474419,1854,886,0,961,961
,21060,60级魔王小怪,60,1572637,1979,946,0,1027,1027
,21061,61级魔王小怪,61,1674838,2110,1009,0,1095,1095
,21062,62级魔王小怪,62,1781098,2246,1074,0,1165,1165
,21063,63级魔王小怪,63,1891495,2388,1142,0,1238,1238
,21064,64级魔王小怪,64,2006104,2534,1212,0,1315,1315
,21065,65级魔王小怪,65,2125002,2687,1285,0,1394,1394
,21066,66级魔王小怪,66,2248266,2845,1360,0,1476,1476
,21067,67级魔王小怪,67,2375972,3009,1439,0,1561,1561
,21068,68级魔王小怪,68,2508198,3178,1520,0,1649,1649
,21069,69级魔王小怪,69,2645019,3354,1604,0,1740,1740
,21070,70级魔王小怪,70,2752530,3535,1691,0,1834,1834
,21071,71级魔王小怪,71,2862926,3723,1780,0,1931,1931
,21072,72级魔王小怪,72,2976246,3917,1873,0,2032,2032
,21073,73级魔王小怪,73,3092527,4118,1969,0,2136,2136
,21074,74级魔王小怪,74,3211808,4324,2068,0,2243,2243
,21075,75级魔王小怪,75,3334128,4538,2170,0,2354,2354
,21076,76级魔王小怪,76,3459524,4758,2275,0,2468,2468
,21077,77级魔王小怪,77,3588034,4984,2383,0,2586,2586
,21078,78级魔王小怪,78,3719698,5218,2495,0,2707,2707
,21079,79级魔王小怪,79,3854553,5458,2610,0,2831,2831
,21080,80级魔王小怪,80,3992731,5706,2728,0,2960,2960
,21081,81级魔王小怪,81,4134366,5961,2850,0,3092,3092
,21082,82级魔王小怪,82,4279599,6224,2976,0,3229,3229
,21083,83级魔王小怪,83,4428573,6495,3105,0,3369,3369
,21084,84级魔王小怪,84,4581435,6774,3239,0,3514,3514
,21085,85级魔王小怪,85,4738338,7061,3376,0,3663,3663
,21086,86级魔王小怪,86,4899436,7357,3518,0,3816,3816
,21087,87级魔王小怪,87,5064889,7662,3664,0,3975,3975
,21088,88级魔王小怪,88,5234862,7977,3814,0,4138,4138
,21089,89级魔王小怪,89,5409523,8301,3969,0,4306,4306
,21090,90级魔王小怪,90,5589043,8636,4129,0,4480,4480
,21091,91级魔王小怪,91,5773599,8981,4294,0,4659,4659
,21092,92级魔王小怪,92,5963371,9337,4464,0,4843,4843
,21093,93级魔王小怪,93,6158543,9703,4640,0,5033,5033
,21094,94级魔王小怪,94,6359304,10082,4821,0,5230,5230
,21095,95级魔王小怪,95,6565846,10472,5007,0,5432,5432
,21096,96级魔王小怪,96,6778366,10875,5200,0,5641,5641
,21097,97级魔王小怪,97,6997065,11290,5399,0,5857,5857
,21098,98级魔王小怪,98,7222147,11719,5604,0,6079,6079
,21099,99级魔王小怪,99,7453821,12161,5815,0,6308,6308
,21100,100级魔王小怪,100,7692300,12618,6033,0,6545,6545
,,,,,,,,,
,27001,1级魔王精英,1,15319,14,7,0,6,6
,27002,2级魔王精英,2,16851,16,8,0,7,7
,27003,3级魔王精英,3,18765,18,8,0,8,8
,27004,4级魔王精英,4,21063,20,9,0,8,8
,27005,5级魔王精英,5,23744,22,11,0,9,9
,27006,6级魔王精英,6,26808,25,12,0,11,11
,27007,7级魔王精英,7,30254,28,14,0,12,12
,27008,8级魔王精英,8,34084,32,15,0,14,14
,27009,9级魔王精英,9,38297,36,17,0,15,15
,27010,10级魔王精英,10,42892,40,19,0,17,17
,27011,11级魔王精英,11,47871,45,22,0,19,19
,27012,12级魔王精英,12,53232,51,24,0,22,22
,27013,13级魔王精英,13,58977,57,27,0,24,24
,27014,14级魔王精英,14,65104,64,30,0,27,27
,27015,15级魔王精英,15,71615,71,34,0,30,30
,27016,16级魔王精英,16,78508,79,38,0,34,34
,27017,17级魔王精英,17,85784,87,42,0,37,37
,27018,18级魔王精英,18,93444,96,46,0,41,41
,27019,19级魔王精英,19,101486,106,50,0,45,45
,27020,20级魔王精英,20,112109,118,56,0,50,50
,27021,21级魔王精英,21,123468,132,63,0,56,56
,27022,22级魔王精英,22,135585,146,70,0,63,63
,27023,23级魔王精英,23,148484,162,78,0,69,69
,27024,24级魔王精英,24,162186,180,86,0,77,77
,27025,25级魔王精英,25,176716,198,95,0,85,85
,27026,26级魔王精英,26,192096,219,105,0,93,93
,27027,27级魔王精英,27,199368,230,110,0,98,98
,27028,28级魔王精英,28,206388,241,115,0,103,103
,27029,29级魔王精英,29,213121,253,121,0,108,108
,27030,30级魔王精英,30,215227,259,124,0,111,111
,27031,31级魔王精英,31,250651,278,133,0,119,119
,27032,32级魔王精英,32,289063,298,143,0,127,127
,27033,33级魔王精英,33,330576,320,153,0,137,137
,27034,34级魔王精英,34,375307,342,164,0,146,146
,27035,35级魔王精英,35,423369,366,175,0,156,156
,27036,36级魔王精英,36,474878,391,187,0,167,167
,27037,37级魔王精英,37,529948,417,199,0,178,178
,27038,38级魔王精英,38,588695,444,212,0,190,190
,27039,39级魔王精英,39,651234,473,226,0,202,202
,27040,40级魔王精英,40,717678,504,241,0,215,215
,27041,41级魔王精英,41,750613,536,256,0,229,229
,27042,42级魔王精英,42,784314,569,272,0,243,243
,27043,43级魔王精英,43,818781,605,289,0,258,258
,27044,44级魔王精英,44,854014,642,307,0,274,274
,27045,45级魔王精英,45,890013,681,326,0,291,291
,27046,46级魔王精英,46,926778,723,346,0,309,309
,27047,47级魔王精英,47,964308,766,366,0,327,327
,27048,48级魔王精英,48,1002605,812,388,0,347,347
,27049,49级魔王精英,49,1041668,860,411,0,367,367
,27050,50级魔王精英,50,1135571,1139,544,0,486,486
,27051,51级魔王精英,51,1234299,1240,593,0,530,530
,27052,52级魔王精英,52,1337968,1347,644,0,576,576
,27053,53级魔王精英,53,1446692,1460,698,0,624,624
,27054,54级魔王精英,54,1560587,1577,754,0,674,674
,27055,55级魔王精英,55,1679766,1700,813,0,726,726
,27056,56级魔王精英,56,1804344,1829,875,0,781,781
,27057,57级魔王精英,57,1934438,1964,939,0,839,839
,27058,58级魔王精英,58,2070161,2104,1006,0,899,899
,27059,59级魔王精英,59,2211629,2251,1076,0,961,961
,27060,60级魔王精英,60,2358956,2403,1149,0,1027,1027
,27061,61级魔王精英,61,2512257,2562,1225,0,1095,1095
,27062,62级魔王精英,62,2671648,2727,1304,0,1165,1165
,27063,63级魔王精英,63,2837242,2899,1386,0,1238,1238
,27064,64级魔王精英,64,3009156,3077,1472,0,1315,1315
,27065,65级魔王精英,65,3187503,3263,1560,0,1394,1394
,27066,66级魔王精英,66,3372399,3454,1652,0,1476,1476
,27067,67级魔王精英,67,3563958,3653,1747,0,1561,1561
,27068,68级魔王精英,68,3762297,3859,1845,0,1649,1649
,27069,69级魔王精英,69,3967528,4073,1947,0,1740,1740
,27070,70级魔王精英,70,4128795,4293,2053,0,1834,1834
,27071,71级魔王精英,71,4294390,4521,2162,0,1931,1931
,27072,72级魔王精英,72,4464369,4757,2274,0,2032,2032
,27073,73级魔王精英,73,4638791,5000,2391,0,2136,2136
,27074,74级魔王精英,74,4817713,5251,2511,0,2243,2243
,27075,75级魔王精英,75,5001192,5510,2635,0,2354,2354
,27076,76级魔王精英,76,5189285,5777,2762,0,2468,2468
,27077,77级魔王精英,77,5382051,6052,2894,0,2586,2586
,27078,78级魔王精英,78,5579547,6336,3030,0,2707,2707
,27079,79级魔王精英,79,5781830,6628,3169,0,2831,2831
,27080,80级魔王精英,80,5989096,6929,3313,0,2960,2960
,27081,81级魔王精英,81,6201550,7239,3461,0,3092,3092
,27082,82级魔王精英,82,6419399,7558,3614,0,3229,3229
,27083,83级魔王精英,83,6642860,7886,3771,0,3369,3369
,27084,84级魔王精英,84,6872153,8225,3933,0,3514,3514
,27085,85级魔王精英,85,7107506,8574,4100,0,3663,3663
,27086,86级魔王精英,86,7349153,8934,4272,0,3816,3816
,27087,87级魔王精英,87,7597334,9304,4449,0,3975,3975
,27088,88级魔王精英,88,7852293,9686,4632,0,4138,4138
,27089,89级魔王精英,89,8114284,10080,4820,0,4306,4306
,27090,90级魔王精英,90,8383564,10486,5014,0,4480,4480
,27091,91级魔王精英,91,8660398,10905,5214,0,4659,4659
,27092,92级魔王精英,92,8945056,11337,5421,0,4843,4843
,27093,93级魔王精英,93,9237815,11783,5634,0,5033,5033
,27094,94级魔王精英,94,9538956,12242,5854,0,5230,5230
,27095,95级魔王精英,95,9848769,12716,6080,0,5432,5432
,27096,96级魔王精英,96,10167550,13205,6314,0,5641,5641
,27097,97级魔王精英,97,10495598,13710,6555,0,5857,5857
,27098,98级魔王精英,98,10833220,14230,6804,0,6079,6079
,27099,99级魔王精英,99,11180731,14767,7061,0,6308,6308
,27100,100级魔王精英,100,11538450,15321,7326,0,6545,6545
,,,,,,,,,
,28001,1级魔王小boss,1,20425,15,7,0,8,8
,28002,2级魔王小boss,2,22467,17,8,0,8,8
,28003,3级魔王小boss,3,25020,19,9,0,9,9
,28004,4级魔王小boss,4,28084,21,10,0,11,11
,28005,5级魔王小boss,5,31659,24,11,0,12,12
,28006,6级魔王小boss,6,35743,27,13,0,13,13
,28007,7级魔王小boss,7,40339,30,14,0,15,15
,28008,8级魔王小boss,8,45445,34,16,0,17,17
,28009,9级魔王小boss,9,51062,38,18,0,19,19
,28010,10级魔王小boss,10,57190,43,20,0,21,21
,28011,11级魔王小boss,11,63828,48,23,0,24,24
,28012,12级魔王小boss,12,70976,54,26,0,27,27
,28013,13级魔王小boss,13,78636,60,29,0,30,30
,28014,14级魔王小boss,14,86806,68,32,0,34,34
,28015,15级魔王小boss,15,95486,75,36,0,38,38
,28016,16级魔王小boss,16,104677,83,40,0,42,42
,28017,17级魔王小boss,17,114379,92,44,0,46,46
,28018,18级魔王小boss,18,124592,102,49,0,51,51
,28019,19级魔王小boss,19,135315,112,53,0,56,56
,28020,20级魔王小boss,20,149479,125,60,0,63,63
,28021,21级魔王小boss,21,164624,139,67,0,70,70
,28022,22级魔王小boss,22,180780,155,74,0,78,78
,28023,23级魔王小boss,23,197978,172,82,0,87,87
,28024,24级魔王小boss,24,216248,190,91,0,96,96
,28025,25级魔王小boss,25,235621,210,100,0,106,106
,28026,26级魔王小boss,26,256128,231,111,0,117,117
,28027,27级魔王小boss,27,265824,244,116,0,123,123
,28028,28级魔王小boss,28,275184,256,122,0,129,129
,28029,29级魔王小boss,29,284161,268,128,0,135,135
,28030,30级魔王小boss,30,286969,274,131,0,138,138
,28031,31级魔王小boss,31,334202,294,141,0,149,149
,28032,32级魔王小boss,32,385417,316,151,0,159,159
,28033,33级魔王小boss,33,440768,338,162,0,171,171
,28034,34级魔王小boss,34,500409,362,173,0,183,183
,28035,35级魔王小boss,35,564492,387,185,0,195,195
,28036,36级魔王小boss,36,633170,414,198,0,209,209
,28037,37级魔王小boss,37,706598,441,211,0,223,223
,28038,38级魔王小boss,38,784927,470,225,0,237,237
,28039,39级魔王小boss,39,868312,501,240,0,253,253
,28040,40级魔王小boss,40,956904,533,255,0,269,269
,28041,41级魔王小boss,41,1000818,567,271,0,286,286
,28042,42级魔王小boss,42,1045753,603,288,0,304,304
,28043,43级魔王小boss,43,1091708,640,306,0,323,323
,28044,44级魔王小boss,44,1138686,680,325,0,343,343
,28045,45级魔王小boss,45,1186684,722,345,0,364,364
,28046,46级魔王小boss,46,1235704,765,366,0,386,386
,28047,47级魔王小boss,47,1285745,811,388,0,409,409
,28048,48级魔王小boss,48,1336807,860,411,0,434,434
,28049,49级魔王小boss,49,1388890,911,435,0,459,459
,28050,50级魔王小boss,50,1514094,1206,576,0,608,608
,28051,51级魔王小boss,51,1645733,1313,628,0,662,662
,28052,52级魔王小boss,52,1783958,1427,682,0,719,719
,28053,53级魔王小boss,53,1928923,1545,739,0,779,779
,28054,54级魔王小boss,54,2080782,1670,799,0,842,842
,28055,55级魔王小boss,55,2239687,1800,861,0,908,908
,28056,56级魔王小boss,56,2405793,1937,926,0,977,977
,28057,57级魔王小boss,57,2579251,2079,994,0,1049,1049
,28058,58级魔王小boss,58,2760215,2228,1065,0,1124,1124
,28059,59级魔王小boss,59,2948838,2383,1140,0,1202,1202
,28060,60级魔王小boss,60,3145274,2545,1217,0,1283,1283
,28061,61级魔王小boss,61,3349676,2713,1297,0,1368,1368
,28062,62级魔王小boss,62,3562197,2888,1381,0,1456,1456
,28063,63级魔王小boss,63,3782989,3070,1468,0,1548,1548
,28064,64级魔王小boss,64,4012207,3259,1558,0,1643,1643
,28065,65级魔王小boss,65,4250004,3454,1652,0,1742,1742
,28066,66级魔王小boss,66,4496532,3658,1749,0,1845,1845
,28067,67级魔王小boss,67,4751945,3868,1850,0,1951,1951
,28068,68级魔王小boss,68,5016395,4086,1954,0,2061,2061
,28069,69级魔王小boss,69,5290037,4312,2062,0,2175,2175
,28070,70级魔王小boss,70,5505060,4546,2174,0,2292,2292
,28071,71级魔王小boss,71,5725853,4787,2289,0,2414,2414
,28072,72级魔王小boss,72,5952492,5036,2408,0,2540,2540
,28073,73级魔王小boss,73,6185054,5294,2531,0,2670,2670
,28074,74级魔王小boss,74,6423617,5560,2659,0,2804,2804
,28075,75级魔王小boss,75,6668255,5834,2790,0,2942,2942
,28076,76级魔王小boss,76,6919047,6117,2925,0,3085,3085
,28077,77级魔王小boss,77,7176068,6409,3064,0,3232,3232
,28078,78级魔王小boss,78,7439396,6709,3208,0,3383,3383
,28079,79级魔王小boss,79,7709106,7018,3356,0,3539,3539
,28080,80级魔王小boss,80,7985462,7336,3508,0,3700,3700
,28081,81级魔王小boss,81,8268733,7664,3665,0,3865,3865
,28082,82级魔王小boss,82,8559199,8002,3826,0,4036,4036
,28083,83级魔王小boss,83,8857146,8350,3993,0,4211,4211
,28084,84级魔王小boss,84,9162871,8709,4164,0,4392,4392
,28085,85级魔王小boss,85,9476675,9078,4341,0,4578,4578
,28086,86级魔王小boss,86,9798871,9459,4523,0,4770,4770
,28087,87级魔王小boss,87,10129778,9852,4711,0,4968,4968
,28088,88级魔王小boss,88,10469724,10256,4904,0,5172,5172
,28089,89级魔王小boss,89,10819046,10673,5103,0,5383,5383
,28090,90级魔王小boss,90,11178086,11103,5309,0,5600,5600
,28091,91级魔王小boss,91,11547198,11547,5521,0,5823,5823
,28092,92级魔王小boss,92,11926742,12004,5740,0,6054,6054
,28093,93级魔王小boss,93,12317086,12476,5965,0,6292,6292
,28094,94级魔王小boss,94,12718608,12962,6198,0,6537,6537
,28095,95级魔王小boss,95,13131693,13464,6438,0,6790,6790
,28096,96级魔王小boss,96,13556733,13982,6686,0,7051,7051
,28097,97级魔王小boss,97,13994130,14516,6941,0,7321,7321
,28098,98级魔王小boss,98,14444294,15067,7205,0,7599,7599
,28099,99级魔王小boss,99,14907642,15636,7476,0,7885,7885
,28100,100级魔王小boss,100,15384600,16223,7757,0,8181,8181
,,,,,,,,,
,29001,1级魔王boss,1,29786,17,8,0,9,9
,29002,2级魔王boss,2,32765,19,9,0,10,10
,29003,3级魔王boss,3,36488,21,10,0,11,11
,29004,4级魔王boss,4,40956,23,11,0,13,13
,29005,5级魔王boss,5,46169,26,12,0,14,14
,29006,6级魔王boss,6,52126,30,14,0,16,16
,29007,7级魔王boss,7,58828,33,16,0,18,18
,29008,8级魔王boss,8,66274,38,18,0,20,20
,29009,9级魔王boss,9,74466,42,20,0,23,23
,29010,10级魔王boss,10,83401,47,23,0,26,26
,29011,11级魔王boss,11,93082,53,25,0,29,29
,29012,12级魔王boss,12,103507,60,29,0,33,33
,29013,13级魔王boss,13,114677,67,32,0,37,37
,29014,14级魔王boss,14,126592,75,36,0,41,41
,29015,15级魔王boss,15,139251,83,40,0,45,45
,29016,16级魔王boss,16,152655,93,44,0,50,50
,29017,17级魔王boss,17,166803,102,49,0,56,56
,29018,18级魔王boss,18,181696,113,54,0,61,61
,29019,19级魔王boss,19,197334,124,59,0,68,68
,29020,20级魔王boss,20,217991,139,66,0,76,76
,29021,21级魔王boss,21,240077,155,74,0,84,84
,29022,22级魔王boss,22,263638,172,82,0,94,94
,29023,23级魔王boss,23,288718,191,91,0,104,104
,29024,24级魔王boss,24,315362,211,101,0,115,115
,29025,25级魔王boss,25,343614,233,112,0,127,127
,29026,26级魔王boss,26,373520,257,123,0,140,140
,29027,27级魔王boss,27,387661,271,129,0,147,147
,29028,28级魔王boss,28,401310,284,136,0,155,155
,29029,29级魔王boss,29,414401,297,142,0,162,162
,29030,30级魔王boss,30,418497,305,146,0,166,166
,29031,31级魔王boss,31,487377,327,156,0,178,178
,29032,32级魔王boss,32,562066,351,168,0,191,191
,29033,33级魔王boss,33,642787,376,180,0,205,205
,29034,34级魔王boss,34,729763,402,192,0,219,219
,29035,35级魔王boss,35,823217,430,206,0,234,234
,29036,36级魔王boss,36,923374,460,220,0,250,250
,29037,37级魔王boss,37,1030455,490,234,0,267,267
,29038,38级魔王boss,38,1144685,523,250,0,285,285
,29039,39级魔王boss,39,1266288,557,266,0,303,303
,29040,40级魔王boss,40,1395486,593,283,0,323,323
,29041,41级魔王boss,41,1459526,630,301,0,343,343
,29042,42级魔王boss,42,1525056,670,320,0,365,365
,29043,43级魔王boss,43,1592075,712,340,0,388,388
,29044,44级魔王boss,44,1660583,756,361,0,412,412
,29045,45级魔王boss,45,1730581,802,383,0,437,437
,29046,46级魔王boss,46,1802068,850,407,0,463,463
,29047,47级魔王boss,47,1875044,901,431,0,491,491
,29048,48级魔王boss,48,1949510,955,457,0,520,520
,29049,49级魔王boss,49,2025465,1012,484,0,551,551
,29050,50级魔王boss,50,2208054,1340,640,0,730,730
,29051,51级魔王boss,51,2400027,1459,698,0,795,795
,29052,52级魔王boss,52,2601605,1585,758,0,863,863
,29053,53级魔王boss,53,2813013,1717,821,0,935,935
,29054,54级魔王boss,54,3034474,1856,887,0,1011,1011
,29055,55级魔王boss,55,3266211,2000,957,0,1090,1090
,29056,56级魔王boss,56,3508447,2152,1029,0,1172,1172
,29057,57级魔王boss,57,3761407,2310,1105,0,1258,1258
,29058,58级魔王boss,58,4025313,2476,1184,0,1348,1348
,29059,59级魔王boss,59,4300389,2648,1266,0,1442,1442
,29060,60级魔王boss,60,4734822,2827,1352,0,1540,1540
,29061,61级魔王boss,61,5190253,3014,1441,0,1642,1642
,29062,62级魔王boss,62,5667131,3209,1534,0,1748,1748
,29063,63级魔王boss,63,6165902,3411,1631,0,1858,1858
,29064,64级魔王boss,64,6687012,3621,1731,0,1972,1972
,29065,65级魔王boss,65,6972662,3838,1835,0,2091,2091
,29066,66级魔王boss,66,7266355,4064,1943,0,2214,2214
,29067,67级魔王boss,67,7568201,4298,2055,0,2341,2341
,29068,68级魔王boss,68,7878313,4540,2171,0,2473,2473
,29069,69级魔王boss,69,8196803,4791,2291,0,2610,2610
,29070,70级魔王boss,70,8523781,5051,2415,0,2751,2751
,29071,71级魔王boss,71,8859360,5319,2543,0,2897,2897
,29072,72级魔王boss,72,9203652,5596,2676,0,3048,3048
,29073,73级魔王boss,73,9556768,5882,2813,0,3204,3204
,29074,74级魔王boss,74,9918820,6178,2954,0,3365,3365
,29075,75级魔王boss,75,10289919,6482,3100,0,3531,3531
,29076,76级魔王boss,76,10670178,6797,3250,0,3702,3702
,29077,77级魔王boss,77,11059708,7121,3405,0,3878,3878
,29078,78级魔王boss,78,11458620,7454,3564,0,4060,4060
,29079,79级魔王boss,79,11867027,7798,3729,0,4247,4247
,29080,80级魔王boss,80,12285325,8152,3898,0,4440,4440
,29081,81级魔王boss,81,12713926,8516,4072,0,4638,4638
,29082,82级魔王boss,82,13153249,8891,4251,0,4843,4843
,29083,83级魔王boss,83,13603729,9278,4436,0,5053,5053
,29084,84级魔王boss,84,14065810,9676,4627,0,5270,5270
,29085,85级魔王boss,85,14539951,10087,4823,0,5494,5494
,29086,86级魔王boss,86,15026619,10510,5025,0,5724,5724
,29087,87级魔王boss,87,15526297,10946,5234,0,5962,5962
,29088,88级魔王boss,88,16039477,11396,5449,0,6207,6207
,29089,89级魔王boss,89,16566663,11859,5671,0,6459,6459
,29090,90级魔王boss,90,17108374,12337,5899,0,6719,6719
,29091,91级魔王boss,91,17665137,12830,6135,0,6988,6988
,29092,92级魔王boss,92,18237493,13338,6378,0,7265,7265
,29093,93级魔王boss,93,18825995,13862,6628,0,7550,7550
,29094,94级魔王boss,94,19431207,14403,6887,0,7845,7845
,29095,95级魔王boss,95,20053705,14960,7153,0,8148,8148
,29096,96级魔王boss,96,20694078,15536,7428,0,8462,8462
,29097,97级魔王boss,97,21352926,16129,7712,0,8785,8785
,29098,98级魔王boss,98,22030861,16741,8005,0,9118,9118
,29099,99级魔王boss,99,22728507,17373,8307,0,9462,9462
,29100,100级魔王boss,100,23446500,18025,8619,0,9818,9818
,,,,,,,,,
,100001,世界boss1级,45,20000000,802,383,0,437,437
,100002,世界boss2级,46,30000000,850,407,0,463,463
,100003,世界boss3级,47,44000000,901,431,0,491,491
,100004,世界boss4级,48,60000000,955,457,0,520,520
,100005,世界boss5级,49,82000000,1012,484,0,551,551
,100006,世界boss6级,50,106000000,1340,640,0,730,730
,100007,世界boss7级,51,134000000,1459,698,0,795,795
,100008,世界boss8级,52,160000000,1585,758,0,863,863
,100009,世界boss9级,53,192000000,1717,821,0,935,935
,100010,世界boss10级,54,230000000,1856,887,0,1011,1011
,100011,世界boss11级,55,278000000,2000,957,0,1090,1090
,100012,世界boss12级,56,332000000,2152,1029,0,1172,1172
,100013,世界boss13级,57,398000000,2310,1105,0,1258,1258
,100014,世界boss14级,58,478000000,2476,1184,0,1348,1348
,100015,世界boss15级,59,574000000,2648,1266,0,1442,1442
,100016,世界boss16级,60,690000000,2827,1352,0,1540,1540
,100017,世界boss17级,61,828000000,3014,1441,0,1642,1642
,100018,世界boss18级,62,992000000,3209,1534,0,1748,1748
,100019,世界boss19级,63,1192000000,3411,1631,0,1858,1858
,100020,世界boss20级,64,1430000000,3621,1731,0,1972,1972
,100021,世界boss21级,65,1716000000,3838,1835,0,2091,2091
,100022,世界boss22级,66,2058000000,4064,1943,0,2214,2214
,100023,世界boss23级,67,2470000000,4298,2055,0,2341,2341
,100024,世界boss24级,68,2964000000,4540,2171,0,2473,2473
,100025,世界boss25级,69,3556000000,4791,2291,0,2610,2610
,100026,世界boss26级,70,4268000000,5051,2415,0,2751,2751
,100027,世界boss27级,71,5122000000,5319,2543,0,2897,2897
,100028,世界boss28级,72,6146000000,5596,2676,0,3048,3048
,100029,世界boss29级,73,7376000000,5882,2813,0,3204,3204
,100030,世界boss30级,74,8850000000,6178,2954,0,3365,3365
,100031,世界boss31级,75,10620000000,6482,3100,0,3531,3531
,100032,世界boss32级,76,12744000000,6797,3250,0,3702,3702
,100033,世界boss33级,77,15294000000,7121,3405,0,3878,3878
,100034,世界boss34级,78,18352000000,7454,3564,0,4060,4060
,100035,世界boss35级,79,22024000000,7798,3729,0,4247,4247
,100036,世界boss36级,80,26428000000,8152,3898,0,4440,4440
,100037,世界boss37级,81,31714000000,8516,4072,0,4638,4638
,100038,世界boss38级,82,38056000000,8891,4251,0,4843,4843
,100039,世界boss39级,83,45668000000,9278,4436,0,5053,5053
,100040,世界boss40级,84,54800000000,9676,4627,0,5270,5270
,,,,,,,,,
,101001,积分boss1级,45,20000000,802,383,0,437,437
,101002,积分boss2级,46,30000000,850,407,0,463,463
,101003,积分boss3级,47,44000000,901,431,0,491,491
,101004,积分boss4级,48,60000000,955,457,0,520,520
,101005,积分boss5级,49,82000000,1012,484,0,551,551
,101006,积分boss6级,50,106000000,1340,640,0,730,730
,101007,积分boss7级,51,134000000,1459,698,0,795,795
,101008,积分boss8级,52,160000000,1585,758,0,863,863
,101009,积分boss9级,53,192000000,1717,821,0,935,935
,101010,积分boss10级,54,230000000,1856,887,0,1011,1011
,101011,积分boss11级,55,278000000,2000,957,0,1090,1090
,101012,积分boss12级,56,332000000,2152,1029,0,1172,1172
,101013,积分boss13级,57,398000000,2310,1105,0,1258,1258
,101014,积分boss14级,58,478000000,2476,1184,0,1348,1348
,101015,积分boss15级,59,574000000,2648,1266,0,1442,1442
,101016,积分boss16级,60,690000000,2827,1352,0,1540,1540
,101017,积分boss17级,61,828000000,3014,1441,0,1642,1642
,101018,积分boss18级,62,992000000,3209,1534,0,1748,1748
,101019,积分boss19级,63,1192000000,3411,1631,0,1858,1858
,101020,积分boss20级,64,1430000000,3621,1731,0,1972,1972
,101021,积分boss21级,65,1716000000,3838,1835,0,2091,2091
,101022,积分boss22级,66,2058000000,4064,1943,0,2214,2214
,101023,积分boss23级,67,2470000000,4298,2055,0,2341,2341
,101024,积分boss24级,68,2964000000,4540,2171,0,2473,2473
,101025,积分boss25级,69,3556000000,4791,2291,0,2610,2610
,101026,积分boss26级,70,4268000000,5051,2415,0,2751,2751
,101027,积分boss27级,71,5122000000,5319,2543,0,2897,2897
,101028,积分boss28级,72,6146000000,5596,2676,0,3048,3048
,101029,积分boss29级,73,7376000000,5882,2813,0,3204,3204
,101030,积分boss30级,74,8850000000,6178,2954,0,3365,3365
,101031,积分boss31级,75,10620000000,6482,3100,0,3531,3531
,101032,积分boss32级,76,12744000000,6797,3250,0,3702,3702
,101033,积分boss33级,77,15294000000,7121,3405,0,3878,3878
,101034,积分boss34级,78,18352000000,7454,3564,0,4060,4060
,101035,积分boss35级,79,22024000000,7798,3729,0,4247,4247
,101036,积分boss36级,80,26428000000,8152,3898,0,4440,4440
,101037,积分boss37级,81,31714000000,8516,4072,0,4638,4638
,101038,积分boss38级,82,38056000000,8891,4251,0,4843,4843
,101039,积分boss39级,83,45668000000,9278,4436,0,5053,5053
,101040,积分boss40级,84,54800000000,9676,4627,0,5270,5270
,,,,,,,,,
,102001,公会boss1级,45,2000000,802,383,0,437,437
,102002,公会boss2级,46,3000000,850,407,0,463,463
,102003,公会boss3级,47,4400000,901,431,0,491,491
,102004,公会boss4级,48,6000000,955,457,0,520,520
,102005,公会boss5级,49,8200000,1012,484,0,551,551
,102006,公会boss6级,50,10600000,1340,640,0,730,730
,102007,公会boss7级,51,13400000,1459,698,0,795,795
,102008,公会boss8级,52,16000000,1585,758,0,863,863
,102009,公会boss9级,53,19200000,1717,821,0,935,935
,102010,公会boss10级,54,23000000,1856,887,0,1011,1011
,102011,公会boss11级,55,27800000,2000,957,0,1090,1090
,102012,公会boss12级,56,33200000,2152,1029,0,1172,1172
,102013,公会boss13级,57,39800000,2310,1105,0,1258,1258
,102014,公会boss14级,58,47800000,2476,1184,0,1348,1348
,102015,公会boss15级,59,57400000,2648,1266,0,1442,1442
,102016,公会boss16级,60,69000000,2827,1352,0,1540,1540
,102017,公会boss17级,61,82800000,3014,1441,0,1642,1642
,102018,公会boss18级,62,99200000,3209,1534,0,1748,1748
,102019,公会boss19级,63,119200000,3411,1631,0,1858,1858
,102020,公会boss20级,64,143000000,3621,1731,0,1972,1972
,102021,公会boss21级,65,171600000,3838,1835,0,2091,2091
,102022,公会boss22级,66,205800000,4064,1943,0,2214,2214
,102023,公会boss23级,67,247000000,4298,2055,0,2341,2341
,102024,公会boss24级,68,296400000,4540,2171,0,2473,2473
,102025,公会boss25级,69,355600000,4791,2291,0,2610,2610
,102026,公会boss26级,70,426800000,5051,2415,0,2751,2751
,102027,公会boss27级,71,512200000,5319,2543,0,2897,2897
,102028,公会boss28级,72,614600000,5596,2676,0,3048,3048
,102029,公会boss29级,73,737600000,5882,2813,0,3204,3204
,102030,公会boss30级,74,885000000,6178,2954,0,3365,3365
,102031,公会boss31级,75,1062000000,6482,3100,0,3531,3531
,102032,公会boss32级,76,1274400000,6797,3250,0,3702,3702
,102033,公会boss33级,77,1529400000,7121,3405,0,3878,3878
,102034,公会boss34级,78,1835200000,7454,3564,0,4060,4060
,102035,公会boss35级,79,2202400000,7798,3729,0,4247,4247
,102036,公会boss36级,80,2642800000,8152,3898,0,4440,4440
,102037,公会boss37级,81,3171400000,8516,4072,0,4638,4638
,102038,公会boss38级,82,3805600000,8891,4251,0,4843,4843
,102039,公会boss39级,83,4566800000,9278,4436,0,5053,5053
,102040,公会boss40级,84,5480000000,9676,4627,0,5270,5270
,,,,,,,,,
,103001,财神1级,1,10000,15,8,0,5,5
,103002,财神2级,2,10000,17,8,0,6,6
,103003,财神3级,3,10000,19,9,0,6,6
,103004,财神4级,4,10000,21,11,0,7,7
,103005,财神5级,5,10000,24,12,0,8,8
,103006,财神6级,6,10000,28,14,0,9,9
,103007,财神7级,7,10000,32,16,0,10,10
,103008,财神8级,8,10000,36,18,0,11,11
,103009,财神9级,9,10000,41,20,0,13,13
,103010,财神10级,10,20000,46,23,0,14,14
,103011,财神11级,11,20000,53,26,0,16,16
,103012,财神12级,12,20000,59,30,0,18,18
,103013,财神13级,13,20000,67,33,0,20,20
,103014,财神14级,14,30000,75,37,0,22,22
,103015,财神15级,15,30000,83,41,0,24,24
,103016,财神16级,16,30000,92,46,0,26,26
,103017,财神17级,17,30000,102,51,0,29,29
,103018,财神18级,18,40000,112,56,0,31,31
,103019,财神19级,19,40000,124,62,0,34,34
,103020,财神20级,20,40000,136,68,0,37,37
,103021,财神21级,21,50000,149,75,0,39,39
,103022,财神22级,22,50000,163,82,0,42,42
,103023,财神23级,23,50000,178,89,0,46,46
,103024,财神24级,24,60000,193,97,0,49,49
,103025,财神25级,25,60000,211,105,0,52,52
,103026,财神26级,26,60000,228,114,0,56,56
,103027,财神27级,27,70000,247,123,0,60,60
,103028,财神28级,28,70000,267,133,0,63,63
,103029,财神29级,29,70000,288,144,0,67,67
,103030,财神30级,30,80000,311,155,0,72,72
,103031,财神31级,31,80000,334,167,0,76,76
,103032,财神32级,32,80000,359,180,0,80,80
,103033,财神33级,33,90000,385,193,0,84,84
,103034,财神34级,34,90000,414,207,0,89,89
,103035,财神35级,35,90000,444,222,0,94,94
,103036,财神36级,36,100000,475,237,0,99,99
,103037,财神37级,37,100000,507,254,0,104,104
,103038,财神38级,38,100000,542,271,0,109,109
,103039,财神39级,39,110000,580,290,0,114,114
,103040,财神40级,40,110000,619,309,0,119,119
,103041,财神41级,40,110000,660,330,0,125,125
,103042,财神42级,40,120000,690,345,0,130,130
,103043,财神43级,40,120000,720,360,0,136,136
,103044,财神44级,40,130000,751,376,0,142,142
,103045,财神45级,40,130000,783,391,0,148,148
,103046,财神46级,40,140000,815,408,0,154,154
,103047,财神47级,40,140000,848,424,0,160,160
,103048,财神48级,40,150000,882,441,0,167,167
,103049,财神49级,40,160000,916,458,0,173,173
,103050,财神50级,40,160000,951,476,0,180,180
,103051,财神51级,40,170000,987,493,0,186,186
,103052,财神52级,40,180000,1023,512,0,193,193
,103053,财神53级,40,180000,1060,530,0,200,200
,103054,财神54级,40,190000,1098,549,0,207,207
,103055,财神55级,40,200000,1137,568,0,215,215
,103056,财神56级,40,200000,1176,588,0,222,222
,103057,财神57级,40,210000,1215,608,0,230,230
,103058,财神58级,40,220000,1256,628,0,237,237
,103059,财神59级,40,220000,1297,648,0,245,245
,103060,财神60级,40,230000,1339,669,0,253,253
,103061,财神61级,40,240000,1381,691,0,261,261
,103062,财神62级,40,250000,1424,712,0,269,269
,103063,财神63级,40,250000,1468,734,0,277,277
,103064,财神64级,40,260000,1512,756,0,286,286
,103065,财神65级,40,270000,1558,779,0,294,294
,103066,财神66级,40,280000,1603,802,0,303,303
,103067,财神67级,40,290000,1650,825,0,312,312
,103068,财神68级,40,290000,1697,849,0,320,320
,103069,财神69级,40,300000,1745,872,0,330,330
,103070,财神70级,40,310000,1793,897,0,339,339
,103071,财神71级,40,320000,1843,921,0,348,348
,103072,财神72级,40,330000,1892,946,0,357,357
,103073,财神73级,40,340000,1943,971,0,367,367
,103074,财神74级,40,350000,1994,997,0,377,377
,103075,财神75级,40,360000,2046,1023,0,386,386
,103076,财神76级,40,360000,2099,1049,0,396,396
,103077,财神77级,40,370000,2152,1076,0,406,406
,103078,财神78级,40,380000,2206,1103,0,417,417
,103079,财神79级,40,390000,2260,1130,0,427,427
,103080,财神80级,40,400000,2316,1158,0,437,437
,103081,财神81级,40,410000,2371,1186,0,448,448
,103082,财神82级,40,420000,2428,1214,0,459,459
,103083,财神83级,40,430000,2485,1243,0,469,469
,103084,财神84级,40,440000,2543,1272,0,480,480
,103085,财神85级,40,450000,2602,1301,0,491,491
,103086,财神86级,40,460000,2661,1331,0,503,503
,103087,财神87级,40,470000,2721,1361,0,514,514
,103088,财神88级,40,480000,2782,1391,0,525,525
,103089,财神89级,40,500000,2843,1422,0,537,537
,103090,财神90级,40,510000,2905,1452,0,549,549
,103091,财神91级,40,520000,2968,1484,0,560,560
,103092,财神92级,40,530000,3031,1515,0,572,572
,103093,财神93级,40,540000,3095,1547,0,585,585
,103094,财神94级,40,550000,3160,1580,0,597,597
,103095,财神95级,40,560000,3225,1613,0,609,609
,103096,财神96级,40,570000,3291,1646,0,622,622
,103097,财神97级,40,590000,3358,1679,0,634,634
,103098,财神98级,40,600000,3425,1713,0,647,647
,103099,财神99级,40,610000,3493,1747,0,660,660
,103100,财神100级,40,620000,3562,1781,0,673,673
,,,,,,,,,
3次击碎,300001,桶,1,3,0,0,0,0,0
,,,,,,,,,
,,,,,,,,,
,200160,脆皮小怪,1,1000,1,1,0,0,0
,200001,巨灵神花果山,13,18000,8,8,0,3,3
,200002,巨灵神天宫,34,140000,104,51,0,18,18
,200003,巨灵神精英,14,26000,12,34,0,12,12
