→强化花费ID,↓强化 等级,ID1,ID2,ID3,ID4,ID5,ID6,ID7,ID8,ID9,ID10,ID11,ID12,ID13,ID14,ID15,ID16,ID17,ID18,ID19,ID20,ID21,ID22,ID23,ID24,ID25,ID26,ID27,ID28,ID29,ID30,ID31
strengthenID,strengthen_level,1,2,3,4,5,6,7,8,9,10,11,12,13,14,15,16,17,18,19,20,21,22,23,24,25,26,27,28,29,30,31
强化1级花费,1,126,248,309,491,461,1773,2016,2624,2502,3658,4022,7310,4630,12301,13152,14976,14611,22368,23432,31402,25560,42594,55731,71453,90336,123725,140141,214093,290046,465058,1150999
强化2级花费,2,160,284,346,532,501,1932,2180,2801,2676,3855,4227,7736,4847,13043,13911,15772,15400,23591,24676,33146,26846,44965,58830,75394,95244,130664,147409,226313,307041,576629,1463061
强化3级花费,3,195,321,384,574,542,2097,2350,2982,2855,4057,4436,8172,5069,13805,14690,16587,16207,24844,25950,34934,28163,47396,62007,79433,100273,137779,154852,238844,331201,724105,1833258
强化4级花费,4,231,360,424,617,585,2266,2524,3168,3039,4264,4650,8619,5295,14586,15488,17421,17035,26127,27255,36766,29510,49886,65262,83570,105423,145069,162470,251686,376617,909324,2264291
强化5级花费,5,268,399,465,662,629,2440,2703,3359,3228,4476,4870,9077,5526,15386,16305,18275,17881,27441,28590,38642,30888,52436,68595,87807,110696,152534,170263,264840,444840,1134126,2586011
强化6级花费,6,306,440,507,708,674,2619,2886,3555,3421,4692,5093,9546,5762,16206,17142,19149,18748,28785,29955,40561,32296,55046,72005,92141,116090,160174,178232,278305,537057,1400352,2633901
强化7级花费,7,346,482,550,754,720,2803,3075,3756,3620,4914,5322,10026,6003,17046,17999,20042,19633,30159,31351,42524,33734,57715,75493,96574,121605,167989,186375,295420,654452,1709841,2681790
强化8级花费,8,387,525,595,803,768,2991,3269,3962,3823,5140,5556,10517,6249,17904,18875,20954,20538,31564,32777,44531,35203,60444,79059,101106,127242,175980,194694,325852,798210,2064434,2729679
强化9级花费,9,429,570,640,852,817,3185,3467,4172,4031,5371,5794,11019,6500,18783,19770,21886,21463,33000,34234,46582,36702,63232,82703,105736,133001,184145,203187,370851,969516,2444260,2777568
强化10级花费,10,472,615,687,902,867,3383,3670,4388,4244,5607,6038,11532,6755,19681,20685,22837,22407,34465,35721,48676,38232,66080,86425,110465,138881,192485,211856,431124,1169557,2486402,2825457
强化11级花费,11,516,662,735,954,918,3587,3878,4608,4462,5848,6286,12056,7016,20598,21619,23808,23370,35962,37238,50815,39792,68988,90225,115292,144883,201001,220700,507379,1399516,2528544,2873346
强化12级花费,12,562,711,785,1007,970,3795,4091,4833,4685,6094,6539,12590,7281,21534,22573,24798,24353,37488,38786,52997,41382,71955,94102,120218,151007,209692,229719,600324,1660580,2570687,2921235
强化13级花费,13,609,760,835,1061,1024,4008,4309,5063,4912,6345,6797,13136,7551,22491,23546,25808,25356,39045,40364,55223,43003,74981,98057,125242,157252,218557,239157,710667,1953934,2612829,2969124
强化14级花费,14,657,810,887,1117,1079,4226,4532,5298,5145,6600,7060,13693,7826,23466,24539,26837,26377,40632,41973,57492,44654,78068,102090,130365,163619,227598,253429,839115,2280762,2654972,3017013
强化15级花费,15,707,862,940,1174,1135,4448,4760,5538,5382,6861,7328,14260,8106,24461,25551,27886,27419,42250,43612,59806,46336,81213,106201,135586,170107,236814,274402,986377,2329326,2697114,3064902
强化16级花费,16,757,915,994,1231,1192,4676,4992,5782,5624,7126,7600,14839,8391,25476,26582,28954,28479,43898,45282,62163,48048,84419,110390,140905,176717,246205,302374,1153160,2365722,2739257,3112791
强化17级花费,17,809,969,1050,1290,1250,4908,5229,6032,5871,7396,7878,15428,8680,26510,27633,30041,29560,45577,46981,64564,49790,87684,114656,146324,183448,256698,337644,1340172,2402117,2781399,3160681
强化18级花费,18,862,1025,1106,1351,1310,5146,5471,6286,6123,7671,8160,16029,8975,27563,28704,31148,30659,47286,48712,67009,51563,91009,119001,151840,190301,273331,380510,1548120,2438513,2823541,3208570
强化19级花费,19,916,1081,1164,1412,1371,5388,5719,6545,6380,7951,8447,16640,9274,28636,29794,32274,31778,49025,50472,69497,53366,94393,123423,157455,197276,297112,431272,1777713,2474909,2865684,3256459
强化20级花费,20,972,1139,1223,1475,1433,5635,5970,6809,6642,8236,8739,17262,9578,29729,30903,33420,32917,50795,52263,72029,55200,97836,127923,163169,204372,328340,490227,2029659,2511304,2907826,3304348
强化21级花费,21,1028,1198,1284,1539,1496,5887,6227,7078,6908,8525,9036,17895,9887,30840,32032,34586,34075,52595,54085,74605,57064,101340,132500,168981,211590,367314,557675,2145432,2547700,2949969,3352237
强化22级花费,22,1086,1259,1345,1604,1561,6143,6489,7352,7180,8820,9338,18540,10201,31972,33180,35770,35252,54426,55937,77225,58958,104903,137156,174892,218930,414333,633914,2176081,2584096,2992111,3400126
强化23级花费,23,1145,1320,1408,1670,1627,6405,6755,7631,7456,9119,9645,19195,10520,33122,34348,36975,36449,56287,57819,79889,60883,108525,141890,180901,226391,469694,719242,2206730,2620492,3034253,3448015
强化24级花费,24,1205,1383,1472,1738,1694,6672,7027,7914,7737,9423,9956,19861,10844,34292,35535,38198,37666,58178,59732,82596,62838,112207,146701,187008,234092,533697,813958,2237379,2656887,3076396,3495904
强化25级花费,25,1267,1447,1537,1807,1762,6943,7303,8203,8023,9732,10272,20538,11172,35482,36742,39441,38902,60100,61675,85347,64824,115949,151590,193215,244941,606641,918361,2268028,2693283,3118538,3543793
强化26级花费,26,1330,1512,1603,1877,1831,7219,7584,8496,8314,10046,10594,21226,11506,36691,37968,40704,40157,62052,63648,88142,66840,119750,156557,199519,260318,688823,1032749,2298677,2729679,3160681,3591682
强化27级花费,27,1394,1578,1671,1948,1902,7500,7870,8794,8609,10365,10920,21924,11844,37920,39214,41986,41432,64035,65652,90981,68886,123611,161602,205922,280393,780542,1157421,2329326,2766074,3202823,3639572
强化28级花费,28,1459,1646,1740,2020,1974,7786,8161,9097,8910,10689,11251,22634,12187,39168,40479,43288,42726,66048,67686,93864,70963,127532,166724,212424,305340,882098,1292676,2359975,2802470,3244965,3687461
强化29级花费,29,1525,1715,1810,2094,2047,8077,8456,9405,9215,11017,11586,23355,12535,40435,41763,44609,44039,68091,69751,96790,73070,131512,171924,219024,335333,993788,1438811,2390624,2838866,3287108,3735350
强化30级花费,30,1593,1785,1881,2169,2121,8373,8757,9718,9526,11351,11927,24087,12888,41722,43067,45949,45373,70165,71846,99760,75208,135551,177203,225723,370543,1115912,1596127,2421273,2875262,3329250,3783239
强化31级花费,31,1661,1856,1953,2245,2196,8673,9062,10035,9841,11689,12273,24829,13245,43028,44390,47309,46725,72269,73971,102774,77376,139651,182559,233362,411144,1248767,1764920,2451922,2911657,3371393,3831128
强化32级花费,32,1731,1928,2027,2322,2273,8979,9373,10358,10161,12032,12623,25583,13608,44354,45733,48688,48097,74403,76127,105831,79574,143809,187993,244378,457308,1392652,1861928,2482571,2948053,3413535,3879017
强化33级花费,33,1803,2002,2102,2401,2351,9289,9688,10685,10486,12380,12978,26348,13975,45700,47096,50087,49489,76568,78313,108933,81803,148028,193504,259037,509209,1547867,1884915,2513220,2984449,3455677,3926906
强化34级花费,34,1875,2077,2178,2481,2430,9604,10008,11017,10815,12733,13338,27123,14348,47064,48477,51505,50900,78764,80530,112078,84062,152306,199094,277465,567018,1714709,1907902,2543869,3020844,3497820,3974795
强化35级花费,35,1949,2153,2255,2562,2511,9924,10333,11354,11150,13091,13703,27910,14725,48449,49879,52943,52330,80989,82777,115267,86352,156643,204761,299789,630909,1893478,1930889,2574518,3057240,3539962,4022684
强化36级花费,36,2024,2230,2334,2644,2592,10249,10662,11696,11489,13453,14073,28707,15107,49852,51299,54400,53780,83246,85054,118500,88672,161040,210506,326133,701055,1953875,1953875,2605167,3093636,3582105,4070573
强化37级花费,37,2100,2309,2414,2727,2675,10579,10997,12043,11834,13821,14448,29515,15494,51275,52739,55877,55249,85532,87362,121776,91022,165497,216329,356625,777627,1976862,1976862,2635816,3130032,3624247,4118463
强化38级花费,38,2177,2389,2494,2812,2759,10913,11336,12394,12183,14193,14828,30334,15886,52718,54199,57373,56738,87849,89700,125096,93403,170013,222233,391389,860801,1999849,1999849,2666465,3166427,3666389,4166352
强化39级花费,39,2256,2470,2577,2898,2844,11253,11681,12751,12537,14570,15212,31165,16282,54180,55678,58888,58246,90196,92069,128460,95814,174589,229630,430553,950747,2022836,2022836,2697114,3202823,3708532,4214241
强化40级花费,40,2335,2552,2660,2985,2931,11597,12030,13112,12896,14952,15601,32006,16684,55661,57176,60423,59774,92574,94468,131868,98256,179225,239763,474242,1047639,2045822,2045822,2727763,3239219,3750674,4262130
强化41级花费,41,2416,2635,2745,3073,3018,11946,12384,13478,13260,15339,15996,32858,17090,57162,58694,61978,61321,94982,96898,135320,100728,183920,252719,522581,1151649,2068809,2068809,2758412,3275614,3792817,4310019
强化42级花费,42,2498,2720,2830,3162,3107,12300,12743,13849,13628,15731,16395,33721,17501,58683,60232,63551,62888,97421,99357,138815,103230,188674,268587,575698,1262951,2091796,2091796,2789061,3312010,3834959,4357908
强化43级花费,43,2582,2806,2918,3253,3197,12659,13107,14225,14002,16127,16798,34595,17917,60222,61789,65145,64474,99890,101848,142354,105763,193489,287455,633717,1381717,2114783,2114783,2819710,3348406,3877102,4405797
强化44级花费,44,2666,2893,3006,3345,3288,13023,13475,14606,14380,16529,17207,35480,18338,61782,63365,66758,66079,102389,104368,145937,108326,198362,309411,696765,1508120,2137769,2137769,2850359,3384802,3919244,4453686
强化45级花费,45,2752,2981,3095,3438,3381,13392,13849,14992,14763,16935,17621,36376,18764,63361,64961,68390,67704,104919,106919,149564,110920,203296,334545,764968,1642332,2160756,2160756,2881008,3421197,3961386,4501575
强化46级花费,46,2839,3070,3186,3532,3475,13765,14227,15382,15151,17346,18039,37283,19195,64959,66576,70042,69348,107479,109501,153234,113544,208289,362945,838452,1784528,2183743,2183743,2911657,3457593,4003529,4549464
强化47级花费,47,2928,3161,3278,3628,3570,14143,14610,15778,15544,17762,18463,38200,19630,66576,68211,71713,71012,110070,112113,156948,116198,213341,394698,917343,1838941,2206730,2206730,2942306,3493989,4045671,4597354
强化48级花费,48,3017,3253,3371,3725,3666,14527,14999,16178,15942,18183,18891,39129,20070,68214,69865,73403,72696,112691,114755,160706,118883,218827,429894,1001766,1858097,2229716,2229716,2972955,3530384,4087814,4645243
强化49级花费,49,3108,3346,3465,3823,3763,14915,15391,16583,16345,18609,19324,40069,20516,69870,71538,75113,74398,115342,117428,164508,121598,226181,468622,1091849,1877253,2252703,2252703,3003604,3566780,4129956,4693132
强化50级花费,50,3200,3440,3561,3922,3862,15308,15789,16993,16752,19040,19762,41019,20966,71546,73231,76843,76121,118024,120131,168354,124344,235595,510968,1187715,1896408,2275690,2275690,3034253,3603176,4172098,4741021
强化51级花费,51,3293,3536,3658,4022,3962,15706,16192,17408,17165,19475,20205,41981,21421,73242,74944,78592,77862,120736,122864,172243,127120,247128,557023,1289493,1915564,2298677,2298677,3064902,3639572,4214241,4788910
强化52级花费,52,3387,3633,3756,4124,4063,16108,16600,17828,17582,19916,20652,42953,21881,74957,76676,80360,79624,123479,125628,176176,129926,260839,606874,1397307,1934720,2321664,2321664,3095551,3675967,4256383,4836799
强化53级花费,53,3483,3731,3855,4227,4165,16516,17012,18252,18004,20361,21105,43937,22345,76691,78427,82148,81404,126252,128422,180153,132763,276788,660610,1511284,1953875,2344650,2344650,3126200,3712363,4298526,4884688
强化54级花费,54,3579,3830,3955,4331,4268,16928,17429,18682,18431,20811,21562,44931,22815,78445,80198,83956,83204,129055,131247,184174,135630,295035,718320,1631549,1973031,2367637,2367637,3156849,3748759,4340668,4932577
强化55级花费,55,3677,3930,4057,4436,4373,17346,17851,19116,18863,21266,22025,45936,23289,80218,81989,85783,85024,131889,134102,188238,138528,315637,780092,1758229,1992187,2390624,2390624,3187498,3785154,4382810,4980466
强化56级花费,56,3777,4032,4160,4543,4479,17768,18278,19555,19300,21726,22492,46953,23769,82011,83798,87629,86863,134753,136987,192347,141456,338655,846013,1810208,2011342,2413611,2413611,3218148,3821550,4424953,5028356
强化57级花费,57,3877,4135,4264,4650,4586,18195,18710,19999,19741,22190,22964,47980,24253,83823,85628,89495,88721,137647,139903,196499,144414,364148,916174,1827448,2030498,2436597,2436597,3248797,3857946,4467095,5076245
强化58级花费,58,3979,4239,4369,4759,4694,18627,19147,20448,20188,22660,23441,49018,24742,85655,87476,91380,90599,140572,142849,200694,147403,392176,990662,1844688,2049653,2459584,2459584,3279446,3894342,4509238,5124134
强化59级花费,59,4082,4344,4476,4870,4804,19063,19589,20902,20639,23134,23922,50067,25236,87506,89345,93284,92496,143528,145826,204934,150422,422796,1069566,1861928,2068809,2482571,2482571,3310095,3930737,4551380,5172023
强化60级花费,60,4186,4451,4583,4981,4915,19505,20035,21361,21095,23614,24409,51127,25734,89377,91232,95208,94413,146513,148833,209253,153472,456069,1152974,1879168,2087965,2505558,2505558,3340744,3967133,4593522,5219912
强化61级花费,61,4291,4558,4692,5093,5027,19951,20486,21824,21556,24098,24900,52198,26238,91267,93139,97152,96349,149530,151870,214578,156552,492054,1240975,1896408,2107120,2528544,2528544,3371393,4003529,4635665,5267801
强化62级花费,62,4397,4667,4802,5207,5140,20403,20943,22292,22022,24587,25397,53280,26747,93176,95066,99115,98305,152576,154938,221346,159662,530811,1333657,1913648,2126276,2551531,2551531,3402042,4039924,4677807,5315690
强化63级花费,63,4505,4777,4914,5322,5254,20859,21404,22766,22493,25081,25898,54373,27260,95105,97012,101097,100280,155653,158036,229595,162803,572397,1431109,1930889,2145432,2574518,2574518,3432691,4076320,4719950,5363579
强化64级花费,64,4614,4889,5026,5438,5370,21320,21870,23244,22969,25580,26404,55477,27778,97053,98977,103099,102275,158760,161165,239361,165974,616874,1533419,1948129,2164587,2597505,2597505,3463340,4112716,4762092,5411468
强化65级花费,65,4724,5001,5140,5556,5487,21786,22340,23727,23449,26083,26915,56591,28301,99021,100962,105121,104289,161898,164324,250682,169176,664300,1640675,1965369,2183743,2620492,2620492,3493989,4149112,4804235,5459357
强化66级花费,66,4836,5115,5255,5675,5605,22257,22816,24214,23935,26592,27431,57717,28829,101009,102966,107162,106323,165066,167514,263595,172408,714733,1752967,1982609,2202899,2643478,2643478,3524638,4185507,4846377,5507247
强化67级花费,67,4948,5230,5371,5794,5724,22732,23297,24707,24425,27105,27951,58854,29362,103015,104990,109222,108376,168265,170733,278138,175670,768235,1777643,1999849,2222054,2666465,2666465,3555287,4221903,4888519,5555136
强化68级花费,68,5062,5346,5489,5916,5844,23213,23782,25205,24920,27623,28477,60001,29900,105042,107033,111302,110448,171494,173984,294348,178963,824863,1792968,2017089,2241210,2689452,2689452,3585936,4258299,4930662,5603025
强化69级花费,69,5177,5464,5607,6038,5966,23698,24272,25707,25420,28146,29007,61160,30442,107087,109096,113401,112540,174753,177264,312262,182286,884677,1808292,2034329,2260366,2712439,2712439,3616585,4294694,4972804,5650914
强化70级花费,70,5293,5583,5727,6161,6089,24188,24767,26214,25925,28674,29542,62329,30990,109153,111178,115519,114651,178043,180575,331917,185640,947737,1823617,2051569,2279521,2735425,2735425,3647234,4331090,5014947,5698803
强化71级花费,71,5411,5702,5848,6286,6213,24684,25267,26726,26435,29207,30083,63510,31542,111237,113280,117658,116782,181363,183917,353352,189024,1014101,1838941,2068809,2298677,2758412,2758412,3677883,4367486,5057089,5746692
强化72级花费,72,5529,5823,5971,6412,6338,25183,25772,27243,26949,29745,30628,64701,32099,113341,115401,119815,118932,184714,187289,376602,192438,1083830,1854266,2086049,2317832,2781399,2781399,3708532,4403882,5099231,5794581
强化73级花费,73,5649,5946,6094,6539,6465,25688,26282,27765,27469,30287,31177,65903,32661,115465,117542,121992,121102,188095,190691,401706,196083,1156981,1869590,2103289,2336988,2804386,2804386,3739181,4440277,5141374,5842470
强化74级花费,74,5770,6069,6219,6668,6593,26198,26796,28292,27993,30835,31732,67117,33228,117608,119702,124189,123291,191506,194124,428701,200600,1233615,1884915,2120529,2356144,2827372,2827372,3769830,4476673,5183516,5890359
强化75级花费,75,5892,6194,6345,6797,6722,26713,27316,28824,28522,31387,32292,68341,33799,119770,121881,126405,125500,194948,197587,457624,206058,1313791,1900239,2137769,2375299,2850359,2850359,3800479,4513069,5225659,5938248
强化76级花费,76,6016,6320,6472,6928,6852,27232,27840,29360,29056,31944,32856,69576,34376,121952,124080,128640,127728,198420,201424,488513,212477,1397567,1915564,2155010,2394455,2873346,2873346,3831128,4549464,5267801,5986138
强化77级花费,77,6141,6447,6600,7060,6983,27756,28369,29901,29595,32506,33425,70822,34957,124153,126298,130895,129976,202025,206198,521404,219880,1485004,1930889,2172250,2413611,2896333,2896333,3861777,4585860,5309943,6034027
强化78级花费,78,6267,6576,6730,7193,7116,28285,28903,30447,30139,33073,33999,72079,35544,126374,128536,133169,132243,206450,211937,556335,228287,1576160,1946213,2189490,2432766,2919320,2919320,3892426,4622256,5352086,6081916
强化79级花费,79,6394,6705,6861,7328,7250,28819,29442,30999,30687,33645,34578,73347,36135,128614,130793,135463,134529,211841,218662,593344,237721,1671096,1961538,2206730,2451922,2942306,2942306,3923075,4658652,5394228,6129805
强化80级花费,80,7174,7520,7692,8209,8124,32294,32985,34709,34365,37643,38678,82089,40404,143961,146377,151554,150519,240042,249033,695715,273023,1902729,2174548,2446367,2718186,3261822,3261822,4349096,5164552,5980008,6795463
强化81级花费,81,7982,8362,8551,9120,9025,35882,36641,38538,38159,41764,42901,91099,44798,159784,162439,168131,166992,270731,282187,808493,311706,2091796,2390624,2689452,2988280,3585936,3585936,4781248,5677732,6574216,7470700
强化82级花费,82,8818,9231,9439,10059,9957,39586,40414,42485,42071,46006,47249,100382,49319,176088,178987,185199,183957,304236,318460,932372,354119,2283544,2609764,2935985,3262206,3914647,3914647,5219529,6198191,7176852,8155514
强化83级花费,83,9681,10130,10354,11029,10917,43406,44304,46551,46102,50372,51720,109939,53967,192878,196024,202766,201417,340899,358197,1068061,400617,2477973,2831970,3185966,3539962,4247954,4247954,5663939,6725929,7787917,8849905
强化84级花费,84,10572,11057,11300,12027,11906,47343,48314,50741,50255,54864,56319,119777,58746,210162,213558,220836,219380,381068,401753,1216286,451568,2675085,3057240,3439395,3821550,4585860,4585860,6114480,7260945,8407410,9553875
强化85级花费,85,11491,12013,12274,13056,12926,51402,52443,55051,54530,59483,61048,129896,63654,227944,231594,239414,237850,425098,449488,1377784,507347,2874878,3285576,3696272,4106970,4928363,4928363,6571150,7803242,9035333,10267422
强化86级花费,86,12441,12998,13279,14115,13976,55580,56695,59486,58929,64231,65906,140299,68695,246230,250136,258509,256834,473355,501777,1553309,568337,3077354,3516975,3956597,4396219,5275464,5275464,7033951,8352817,9671683,10990549
强化87级花费,87,13419,14015,14312,15205,15057,59881,61070,64048,63452,69107,70895,150993,73870,265027,269194,278123,276338,526216,558999,1743629,634932,3282511,3751441,4220370,4689301,5627160,5627160,7502881,8909671,10316461,11723252
强化88级花费,88,14427,15059,15377,16327,16167,64304,65571,68736,68104,74117,76015,161977,79181,284339,288772,298266,296368,584058,621543,1949531,707532,3490349,3988970,4487591,4986214,5983455,5983455,7977940,9473805,10969669,12465533
强化89级花费,89,15464,16136,16472,17478,17310,68854,70196,73552,72882,79258,81272,173258,84628,304174,308872,318942,316928,647278,689806,2171810,786544,3700870,4229566,4758260,5286956,6344348,6344348,8459130,10045218,11631304,13217392
强化90级花费,90,16533,17243,17598,18663,18486,73532,74951,78500,77790,84533,86665,184836,90214,324536,329507,340154,338024,716272,764192,2411283,872388,3914072,4473225,5032379,5591531,6709838,6709838,8946449,10623911,12301370,13978829
强化91级花费,91,17633,18381,18755,19879,19692,78335,79834,83578,82830,89945,92193,196715,95938,345433,350676,361913,359665,791452,845119,2668774,965494,4129957,4719950,5309944,5899938,7079926,7079926,9439899,11209880,12979861,14749843
强化92级花费,92,18763,19552,19946,21128,20932,83269,84847,88792,88003,95494,97860,208902,101805,366868,372391,384220,381855,873232,933009,2945132,1066292,4348523,4969739,5590957,6212174,7454608,7454608,9939478,11803131,13666784,15530435
强化93级花费,93,19925,20753,21168,22411,22205,88334,89993,94138,93307,101182,103668,221395,107813,388850,394651,407083,404597,962040,1028294,3241210,1175227,4569770,5222594,5875418,6528242,7833890,7833890,10445186,12403661,14362133,16320605
强化94级花费,94,21118,21988,22423,23728,23510,93533,95273,99620,98750,107010,109618,234200,113965,411383,417468,430510,427903,1058310,1131415,3557885,1292755,4793700,5478513,6163328,6848143,8217770,8217770,10957025,13011468,15065910,17120353
强化95级花费,95,22344,23254,23709,25077,24848,98865,100688,105240,104328,112978,115710,247320,120263,434473,440846,454503,451771,1162486,1242818,3896043,1419335,5020311,5737498,6454685,7171871,8606247,8606247,11474993,13626556,15778118,17929678
强化96级花费,96,23603,24554,25032,26460,26222,104333,106237,110997,110047,119092,121948,260758,126708,458125,464789,479072,476215,1275018,1362965,4256591,1555438,5249602,5999546,6749490,7499434,8999319,8999319,11999092,14248923,16498752,18748584
强化97级花费,97,24895,25889,26384,27877,27628,109936,111927,116897,115903,125348,128330,274518,133302,482345,489303,504218,501234,1396366,1492322,4640443,1701540,5481577,6264661,7047743,7830824,9396990,9396990,12529322,14878570,17227818,19577065
强化98级花费,98,26219,27257,27773,29331,29070,115681,117755,122937,121902,131750,134862,288602,140044,507140,514396,529949,526837,1527004,1631363,4899628,1858129,5716234,6532839,7349444,8166049,9799260,9799260,13065680,15515493,17965309,20415124
强化99级花费,99,27579,28659,29196,30816,30546,121563,123723,129123,128043,138300,141540,303015,146940,532515,540075,556272,553032,1667403,1780572,5103063,2025705,5953572,6804084,7654593,8505105,10206126,10206126,13608168,16159698,18711228,21262761
强化100级花费,100,28970,30095,30656,32339,32060,127587,129834,135451,134329,144999,148369,317756,153986,558477,566342,583191,579821,1818051,1940439,5308793,2204767,6193592,7078391,7963190,8847989,10617587,10617587,14156786,16811182,19465579,22119976
强化101级花费,101,30397,31565,32147,33901,33606,133754,136090,141926,140758,151850,155350,332835,161187,585030,593203,610714,607213,1979450,2111469,5516826,2395834,6436294,7355766,8275235,9194707,11033648,11033648,14711533,17469942,20228355,22986768
强化102级花费,102,31858,33073,33677,35495,35191,140065,142491,148550,147338,158849,162485,348252,168544,612183,620667,639167,635210,2152092,2294170,5727153,2599420,6681678,7636203,8590728,9545257,11454307,11454307,15272410,18135985,20999563,23863138
强化103级花费,103,33357,34612,35241,37128,36812,146523,149036,155322,154064,166005,169776,364011,176059,639938,648737,670007,664496,2336500,2489062,5939780,2816064,6929744,7919708,8909673,9899634,11879563,11879563,15839417,18809307,21779196,24749086
强化104级花费,104,34888,36190,36841,38798,38472,153129,155733,162243,160941,173313,177219,380111,183733,668304,677422,703595,696402,2533188,2696666,6154708,3046299,7180492,8206275,9232062,10257846,12309416,12309416,16412554,19489908,22567258,25644612
强化105级花费,105,36457,37807,38480,40504,40165,159880,162576,169319,167969,180778,184824,396562,191567,697284,706723,740142,731164,2742689,2917526,6371932,3290674,7433921,8495910,9557899,10619888,12743863,12743863,16991820,20177784,23363752,26549716
强化106级花费,106,38062,39457,40152,42247,41899,166781,169571,176546,175151,188400,192585,413360,199560,726887,737403,779875,769004,2965539,3152182,6591458,3549747,7690032,8788606,9887184,10985759,13182911,13182911,17577216,20872943,24168670,27464401
强化107级花费,107,39702,41146,41865,44027,43670,173839,176719,183928,182487,196183,200507,430513,207716,757123,770921,823019,810141,3202287,3401186,6813278,3824081,7948825,9084371,10219918,11355464,13626557,13626557,18168742,21575382,24982021,28388660
强化108级花费,108,41383,42873,43614,45848,45478,181046,184022,191471,189981,204126,208595,448028,216041,789325,807526,869805,854810,3453489,3665103,7037398,4114250,8210300,9383197,10556099,11728997,14074800,14074800,18766398,22285095,25803796,29322497
强化109级花费,109,43096,44636,45404,47708,47324,188408,191480,199164,197628,212232,216840,465900,224528,824584,847444,920464,903240,3719704,3944496,7263820,4420840,8474456,9685092,10895728,12106364,14527636,14527636,19370184,23002092,26634000,30265912
强化110级花费,110,44850,46437,47228,49606,49212,195923,199096,207021,205439,220498,225254,484136,233183,863120,890910,975238,955669,4001514,4239954,7492537,4744434,8741294,9990048,11238805,12487563,14985074,14985074,19980100,23726368,27472636,31218905
强化111级花费,111,46641,48275,49094,51547,51135,203599,206867,215040,213406,228934,233835,502740,242004,905171,938154,1034372,1012343,4299490,4552057,7723552,5085641,9010814,10298072,11585330,12872588,15447109,15447109,20596145,24457923,28319697,32181475
强化112级花费,112,48474,50155,50998,53522,53101,211435,214802,223222,221536,237532,242580,521719,251000,950975,989417,1098117,1073504,4614227,4881403,7956871,5445064,9283016,10609158,11935304,13261449,15913741,15913741,21218320,25196753,29175190,33153624
强化113级花费,113,50340,52074,52941,55541,55110,219428,222895,231563,229830,246299,251500,541068,260168,1000767,1044947,1166717,1139406,4946326,5228599,8192483,5823316,9557900,10923312,12288725,13654142,16384966,16384966,21846625,25942866,30039108,34135350
强化114级花费,114,52250,54032,54923,57600,57155,227583,231152,240071,238289,255236,260586,560795,269505,1054796,1104989,1240434,1210307,5296392,5594252,8430399,6221034,9835466,11240528,12645594,14050661,16860794,16860794,22481060,26696259,30911459,35126654
强化115级花费,115,54197,56033,56948,59699,59243,235902,239573,248745,246914,264344,269845,580902,279018,1113306,1169798,1319533,1286459,5665038,5978993,8670609,6638840,10115708,11560812,13005911,14451015,17341218,17341218,23121624,27456926,31792233,36127535
强化116级花费,116,56184,58069,59013,61843,61368,244386,248160,257588,255704,273620,279279,601393,288712,1176556,1239634,1404275,1368128,6052895,6383446,8913118,7077382,10398637,11884157,13369681,14855201,17826240,17826240,23768318,28224877,32681436,37137999
强化117级花费,117,58210,60149,61118,64022,63542,253037,256915,266602,264667,283075,288888,622267,298579,1244803,1314754,1494931,1455590,6460589,6808253,9157930,7537310,10684248,12210571,13736894,15263213,18315854,18315854,24421142,29000107,33579072,38158037
强化118级花费,118,60280,62269,63264,66248,65753,261856,265835,275787,273797,292702,298675,643537,308622,1318311,1395422,1591775,1549111,6888768,7254063,9405036,7837530,10972541,12540051,14107556,15675061,18810071,18810071,25080096,29782617,34485132,39187652
强化119级花费,119,62390,64430,65455,68515,68005,270845,274930,285145,283100,302510,308635,665200,318850,1397340,1481920,1695090,1648975,7338080,7721525,9654445,8045370,11263515,12872590,14481665,16090740,19308885,19308885,25745180,30572400,35399625,40226845
强化120级花费,120,64541,66637,67682,70829,70304,280000,284192,294673,292577,312492,318781,687261,329261,1482172,1574513,1805160,1755456,7809186,8211316,9906148,8255125,11557171,13208199,14859222,16510245,19812296,19812296,26416394,31369468,36322542,41275616
强化121级花费,121,66732,68879,69956,73180,72644,289328,293628,304377,302229,322655,329103,709717,339851,1573073,1673490,1922268,1868844,8302752,8466791,10160150,8466791,11853509,13546868,15240228,16933587,20320305,20320305,27093737,32173814,37253887,42333964
强化122级花费,122,68964,71168,72271,75578,75027,298830,303240,314264,312059,332999,339608,732582,350627,1670332,1779125,2046706,1989435,8680377,8680377,10416456,8680377,12152529,13888608,15624681,17360754,20832906,20832906,27777210,32985435,38193666,43401891
强化123级花费,123,71242,73499,74633,78019,77452,308513,313027,324324,322061,343521,350298,755849,361595,1774224,1891712,2178781,2117513,8895879,8895879,10675055,8895879,12454231,14233406,16012582,17791758,21350110,21350110,28466813,33804340,39141868,44479395
强化124级花费,124,73563,75878,77033,80504,79926,318362,322993,334565,332250,354233,361174,779532,372746,1885048,2011548,2318784,2253389,9113297,9113297,10935953,9113297,12758614,14581276,16403932,18226593,21871911,21871911,29162546,34630525,40098504,45566477
强化125级花费,125,75925,78294,79481,83037,82443,328395,333138,344982,342614,365126,372238,803622,384087,2003092,2138920,2467018,2397360,9332630,9332630,11199154,9332630,13065679,14932204,16798729,18665254,22398309,22398309,29864408,35463988,41063562,46663137
强化126级花费,126,78329,80758,81972,85608,85004,338609,343459,355589,353161,376211,383485,828130,395614,2128659,2274140,2623807,2549735,9553878,9553878,11464649,9553878,13375426,15286203,17196974,19107751,22929299,22929299,30572400,36304725,42037050,47769380
强化127级花费,127,80782,83265,84506,88230,87609,348998,353962,366380,363892,387481,394928,853064,407340,2262041,2417510,2789452,2710833,9777037,9777037,11732449,9777037,13687855,15643261,17598667,19554079,23464892,23464892,31286522,37152747,43018971,48885196
强化128级花费,128,83279,85816,87084,90895,90258,359576,364655,377352,374809,398940,406557,878416,419260,2403554,2569338,2964284,2880964,10002117,10002117,12002541,10002117,14002966,16003390,18003809,20004233,24005082,24005082,32006774,38008048,44009315,50010589
强化129级花费,129,85818,88416,89712,93606,92958,370332,375528,388512,385914,410592,418380,904194,431370,2553510,2729940,3148614,3060450,10229112,10229112,12274932,10229112,14320758,16366578,18412404,20458224,24549870,24549870,32733156,38870622,45008094,51145560
强化130级花费,130,88401,91055,92385,96368,95703,381274,386588,399861,397208,422437,430404,930403,443677,2712219,2899647,3342782,3249623,10458023,10458023,12549628,10458023,14641232,16732837,18824441,20916046,25099249,25099249,33465668,39740481,46015295,52290109
强化131级花费,131,91028,93744,95102,99175,98493,392404,397829,411401,408685,434471,442612,957044,456184,2880005,3078765,3547113,3448812,10688850,10688850,12826616,10688850,14964388,17102154,19239927,21377693,25653232,25653232,34204309,40617620,47030925,53444236
强化132级花费,132,93706,96478,97864,102022,101329,403723,409267,423133,420361,446708,455024,984123,468890,3057188,3267634,3761938,3658353,10921586,10921586,13105909,10921586,15290226,17474543,19658860,21843177,26211812,26211812,34949080,41502038,48054989,54607940
强化133级花费,133,96429,99258,100678,104928,104218,415226,420896,435059,432224,459136,467635,1011642,481798,3244102,3466586,3987616,3878579,11156243,11156243,13387494,11156243,15618746,17849990,20081242,22312486,26774989,26774989,35699981,42393728,49087475,55781222
强化134级花费,134,99197,102089,103532,107874,107153,426927,432712,447174,444282,471764,480441,1039604,494910,3441081,3675952,4224474,4109840,11392817,11392817,13671379,11392817,15949941,18228509,20507071,22785633,27342764,27342764,36457012,43292704,50128397,56964083
强化135级花费,135,102010,104960,106438,110867,110134,438814,444721,459492,456535,484592,493456,1068012,508220,3648454,3896079,4472873,4352476,11631305,11631305,13957568,11631305,16283824,18610086,20936348,23262611,27915129,27915129,37220172,44198959,51177740,58156520
强化136级花费,136,104868,107883,109391,113913,113163,450903,456927,472002,468987,497622,506667,1096870,521742,3866577,4127314,4733161,4606853,11871710,11871710,14246049,11871710,16620389,18994735,21369074,23743413,28492098,28492098,37989462,45112487,52235512,59358543
强化137级花费,137,107780,110860,112397,117008,116239,463182,469329,484711,481637,510857,520084,1126175,535466,4095783,4370006,5005704,4873322,12114030,12114030,14536829,12114030,16959635,19382441,21805247,24228053,29073665,29073665,38764882,46033300,53301718,60570136
强化138级花费,138,110738,113878,115444,120150,119370,475658,481931,497621,494482,524297,533708,1155943,549399,4336436,4624504,5290858,5152237,12358259,12358259,14829915,12358259,17301564,19773220,22244869,24716525,29659829,29659829,39546432,46961393,54376347,61791308
强化139级花费,139,113743,116942,118545,123347,122549,488334,494732,510734,507535,537936,547540,1186171,563542,4588878,4891180,5588996,5443977,12604410,12604410,15125292,12604410,17646174,20167056,22687938,25208820,30250584,30250584,40334119,47896765,55459411,63022057
强化140级花费,140,116802,120061,121694,126593,125777,501203,507735,524051,520785,551791,561582,1216855,577897,4853482,5170390,5900491,5748906,12852477,12852477,15422975,12852477,17993466,20563964,23134455,25704954,30845943,30845943,41127929,48839409,56550897,64262384
强化141级花费,141,119902,123228,124891,129881,129053,514282,520934,537566,534240,565848,575827,1248012,592466,5130605,5462496,6225710,6067397,13102459,13102459,15722950,13102459,18343440,20963930,23584421,26204918,31445899,31445899,41927868,49789339,57650818,65512289
强化142级花费,142,123056,126443,128144,133225,132378,527556,534338,551296,547902,580116,590293,1279632,607243,5420615,5767883,6565043,6399830,13354357,13354357,16025223,13354357,18696096,21366969,24037842,26708707,32050453,32050453,42733937,50746549,58759160,66771771
强化143级花费,143,126259,129715,131439,136626,135760,541044,547948,565227,561771,594597,604965,1311731,622244,5723885,6086922,6918874,6746595,13608163,13608163,16329802,13608163,19051433,21773064,24494703,27216334,32659597,32659597,43546136,51711030,59875931,68040832
强化144级花费,144,129510,133028,134790,140070,139193,554730,561773,579368,575850,609293,619853,1344300,637455,6040800,6419993,7287593,7108073,13863893,13863893,16636673,13863893,19409453,22182233,24955013,27727793,33273345,33273345,44364465,52682798,61001138,69319470
强化145级花费,145,132818,136397,138191,143572,142675,568624,575791,593720,590140,624203,634957,1377348,652886,6371734,6767488,7671592,7484655,14121537,14121537,16945842,14121537,19770154,22594458,25418770,28243074,33891691,33891691,45188924,53661844,62134765,70607686
强化146级花费,146,136167,139817,141649,147124,146208,582728,590028,608285,604635,639323,650280,1410879,668537,6717072,7129792,8071271,7876746,14381098,14381098,17257317,14381098,20133537,23009756,25885976,28762195,34514634,34514634,46019512,54648171,63276829,71905488
强化147级花费,147,139573,143294,145150,150727,149799,597035,604477,623064,619351,654670,665824,1444903,684411,7077213,7507297,8487032,8284747,14642573,14642573,17571083,14642573,20499601,23428111,26356629,29285139,35142175,35142175,46856230,55641768,64427314,73212859
强化148级花费,148,143030,146814,148710,154382,153442,611563,619131,638059,634275,670228,681588,1479409,700509,7452552,7900411,8919282,8709055,14905965,14905965,17887156,14905965,20868348,23849539,26830731,29811922,35774305,35774305,47699078,56642652,65586227,74529809
强化149级花费,149,146536,150392,152320,158096,157136,626304,634008,653264,649416,686008,697568,1514408,716832,7843480,8309536,9368432,9150080,15171264,15171264,18205520,15171264,21239776,24274024,27308280,30342536,36411040,36411040,48548056,57650816,66753576,75856336
强化150级花费,150,150101,154022,155982,161862,160882,641253,649094,668696,664775,702011,713772,1550680,733374,8250417,8735072,9834907,9608252,15438487,15438487,18526182,15438487,21613886,24701582,27789278,30876973,37052373,37052373,49403164,58666251,67929346,77192441
强化151级花费,151,153717,157702,159695,165681,164681,656418,664397,684339,680354,718238,730210,1589988,750152,8673747,9177440,10319110,10083975,15707625,15707625,18849151,15707625,21990678,25132196,28273723,31415250,37698303,37698303,50264401,59688973,69113552,78538124
强化152级花费,152,157385,161435,163469,169552,168540,671802,679919,700205,696146,734691,746867,1632494,767152,9113906,9637047,10821490,10577678,15978679,15978679,19174411,15978679,22370152,25565884,28761617,31957357,38348822,38348822,51131768,60718974,70306179,79893385
强化153级花费,153,161104,165228,167294,173477,172452,687406,695663,716293,712169,751372,763753,1678354,784384,9571304,10114322,11342453,11089798,16251648,16251648,19501978,16251648,22752299,26002628,29252958,32503288,39003947,39003947,52005265,61756254,71507234,81258223
强化154级花费,154,164875,169074,171173,177463,176418,703230,711620,732606,728407,768272,780861,1727702,801847,10046354,10609700,11882456,11620750,16526525,16526525,19831835,16526525,23137136,26442446,29747748,33053058,39663669,39663669,52884892,62800805,72716726,82632639
强化155级花费,155,168706,172972,175105,181503,180437,719278,727809,749146,744880,785412,798209,1780682,819546,10539498,11123593,12441912,12170978,16803325,16803325,20163990,16803325,23524655,26885320,30245994,33606659,40327989,40327989,53770649,63852644,73934639,84016634
强化156级花费,156,172582,176923,179090,185597,184510,735541,744215,765904,761572,802775,815790,1837423,837471,11051149,11656443,13021290,12740924,17082041,17082041,20498453,17082041,23914856,27331268,30747679,34164082,40996897,40996897,54662535,64911761,75160988,85410214
强化157级花费,157,176519,180928,183137,189746,188646,752039,760857,782901,778492,820371,833598,1898090,855642,11581759,12208689,13621018,13331032,17362673,17362673,20835206,17362673,24307738,27780271,31252813,34725346,41670411,41670411,55560551,65978150,76395757,86813364
强化158级花费,158,180519,184995,187238,193958,192836,768755,777718,800119,795642,838202,851641,1962815,874042,12131759,12780774,14116174,13941761,17645220,17645220,21174257,17645220,24703303,28232349,31761394,35290431,42348523,42348523,56464697,67051826,77638954,88226092
强化159级花费,159,184563,189117,191394,198225,197082,785700,794808,817569,813015,856269,869922,2031750,892692,12701592,13373145,14343741,14343741,17929683,17929683,21515616,17929683,25101549,28687482,32273424,35859357,43031232,43031232,57374973,68132781,78890589,89648397
强化160级花费,160,188670,193293,195605,202548,201392,802875,812129,835253,830630,874574,888442,2105048,911574,13291706,13986263,14572849,14572849,18216052,18216052,21859265,18216052,25502477,29145689,32788902,36432114,43718539,43718539,58291379,69221015,80150643,91080280
强化161级花费,161,192832,197524,199879,206926,205749,820281,829674,853171,848470,893108,907203,2182866,930700,13902562,14620566,14803481,14803481,18504346,18504346,22205221,18504346,25906087,29606962,33307827,37008693,44410433,44410433,59213914,70316520,81419135,92521741
强化162级花费,162,197048,201819,204209,211361,210171,837921,847462,871326,866555,911893,926206,2265350,950069,14534607,15035645,15035645,15035645,18794556,18794556,22553467,18794556,26312378,30071290,33830201,37589112,45106934,45106934,60142579,71419313,82696046,93972780
强化163级花费,163,201320,206170,208586,215862,214649,855785,865477,889710,884869,930910,945452,2352660,969685,15188313,15269341,15269341,15269341,19086681,19086681,22904012,19086681,26721352,30538692,34356022,38173362,45808033,45808033,61077374,72529385,83981386,95433397
强化164级花费,164,205656,210577,213038,220419,219184,873895,883737,908342,903421,950171,964934,2444949,989539,15504580,15504580,15504580,15504580,19380722,19380722,23256865,19380722,27133007,31009150,34885292,38761435,46513729,46513729,62018299,73646736,85275163,96903591
强化165级花费,165,210038,215040,217536,225034,223786,892234,902227,927206,922214,969677,984662,2542378,1009651,15741341,15741341,15741341,15741341,19676669,19676669,23612006,19676669,27547344,31482682,35418010,39353347,47224013,47224013,62965354,74771357,86577360,98383363
强化166级花费,166,214486,219560,222101,229706,228435,910811,920957,946313,941249,989429,1004648,2645122,1030004,15979635,15979635,15979635,15979635,19974541,19974541,23969457,19974541,27964363,31959269,35954175,39949091,47938904,47938904,63918538,75903266,87887995,99872723
强化167级花费,167,218991,224146,226713,234436,233152,929628,939928,965663,960518,1009429,1024874,2753330,1050609,16219461,16219461,16219461,16219461,20274328,20274328,24329196,20274328,28384063,32438931,36493789,40548656,48658392,48658392,64877852,77042455,89207048,101371651
强化168级花费,168,223562,228789,231403,239234,237927,948687,959142,985258,980041,1029669,1045341,2867169,1071467,16460829,16460829,16460829,16460829,20576031,20576031,24691234,20576031,28806446,32921648,37036850,41152063,49382477,49382477,65843296,78188913,90534540,102880157
强化169级花费,169,228180,233490,236140,244090,242760,967990,978590,1005100,999800,1050170,1066070,2986810,1092580,16703720,16703720,16703720,16703720,20879650,20879650,25055580,20879650,29231510,33407440,37583370,41759300,50111150,50111150,66814870,79342660,91870450,104398240
强化170级花费,170,232866,238249,240936,249005,247662,987538,998294,1025190,1019807,1070913,1087053,3112426,1113949,16948143,16948143,16948143,16948143,21185184,21185184,25422215,21185184,29659256,33896287,38133328,42370359,50844430,50844430,67792574,80503686,93214789,105925901
强化171级花费,171,237609,243066,245800,253980,252623,1007321,1018235,1045520,1040063,1091910,1108281,3244171,1135576,17194099,17194099,17194099,17194099,21492624,21492624,25791149,21492624,30089684,34388209,38686733,42985258,51582308,51582308,68776407,81671992,94567566,107463140
强化172级花费,172,242421,247952,250723,259024,257644,1027353,1038425,1066112,1060570,1113162,1129776,3382242,1157452,17441598,17441598,17441598,17441598,21801989,21801989,26162391,21801989,30522793,34883185,39243587,43603979,52324783,52324783,69766370,82847566,95928762,109009957
强化173级花费,173,247281,252897,255705,264129,262725,1047644,1058876,1086946,1081330,1134671,1151519,3526796,1179589,17690618,17690618,17690618,17690618,22113270,22113270,26535922,22113270,30958574,35381237,39803889,44226541,53071845,53071845,70762463,84030430,97298396,110566352
强化174级花费,174,252210,257901,260747,269294,267866,1068176,1079558,1108034,1102343,1156439,1173522,3678024,1201998,17941172,17941172,17941172,17941172,22426467,22426467,26911763,22426467,31397048,35882343,40367639,44852934,53823515,53823515,71764686,85220573,98676449,112132325
强化175级花费,175,257198,262965,265859,274519,273077,1088959,1100503,1129377,1123600,1178466,1195786,3836087,1224660,18193257,18193257,18193257,18193257,22741579,22741579,27289891,22741579,31838202,36386525,40934836,45483148,54579782,54579782,72773039,86417984,100062929,113707875
强化176级花费,176,262246,268099,271031,279805,278350,1109997,1121702,1150978,1145125,1200743,1218313,4001179,1247588,18446886,18446886,18446886,18446886,23058596,23058596,27670318,23058596,32282039,36893761,41505482,46117203,55340646,55340646,73787521,87622685,101457849,115293014
强化177级花费,177,267354,273294,276264,285163,283684,1131278,1143158,1172837,1166897,1223294,1241093,4173476,1270782,18702036,18702036,18702036,18702036,23377540,23377540,28053054,23377540,32728558,37404072,42079576,46755090,56106108,56106108,74808133,88834666,102861187,116887720
强化178级花费,178,272533,278550,281558,290583,289079,1152828,1164861,1194945,1188928,1246099,1264149,4353155,1294233,18958719,18958719,18958719,18958719,23698399,23698399,28438078,23698399,33177758,37917438,42657117,47396797,56876156,56876156,75834875,90053925,104272964,118492003
强化179级花费,179,277761,283866,286913,296065,294536,1174624,1186823,1217326,1211221,1269169,1287462,4540426,1317965,19216934,19216934,19216934,19216934,24021173,24021173,28825412,24021173,33629640,38433879,43238107,48042346,57650813,57650813,76867747,91280453,105693159,120105865
强化180级花费,180,283061,289244,292341,301609,300066,1196691,1209045,1239959,1233776,1292506,1311054,4735449,1341957,19476693,19476693,19476693,19476693,24345863,24345863,29215034,24345863,34084204,38953374,43822545,48691726,58430067,58430067,77906749,92514271,107121782,121729304
强化181级花费,181,288434,294694,297830,307227,305659,1219008,1231530,1262856,1256595,1316112,1334906,4938438,1366232,19737973,19737973,19737973,19737973,24672469,24672469,29606954,24672469,34541450,39475946,44410430,49344926,59213918,59213918,78951891,93755368,108558845,123362322
强化182级花费,182,293857,300207,303382,312897,311315,1241588,1254277,1286019,1279669,1339977,1359028,5149568,1390770,20000785,20000785,20000785,20000785,25000979,25000979,30001184,25000979,35001377,40001571,45001775,50001969,60002356,60002356,80003153,95003733,110004325,125004917
强化183级花费,183,299353,305782,308997,318641,317034,1264431,1277290,1309450,1303020,1364124,1383424,5369035,1415584,20265130,20265130,20265130,20265130,25331416,25331416,30397701,25331416,35463986,40530272,45596557,50662831,60795402,60795402,81060544,96259388,111458245,126657089
强化184级花费,184,304911,311420,314686,324461,322828,1287529,1300570,1333149,1326629,1388533,1408083,5597039,1440674,20531019,20531019,20531019,20531019,25663768,25663768,30796517,25663768,35929278,41062027,46194787,51327536,61593046,61593046,82124065,97522323,112920582,128318840
强化185级花费,185,310532,317132,320427,330333,328686,1310904,1324105,1357119,1350507,1413228,1433029,5833768,1466031,20798429,20798429,20798429,20798429,25998036,25998036,31197643,25998036,36397250,41596858,46796465,51996072,62395286,62395286,83193715,98792537,114391347,129990168
强化186级花费,186,316216,322897,326243,336270,334608,1334537,1347910,1381349,1374656,1438187,1458241,6079437,1491680,21067371,21067371,21067371,21067371,26334220,26334220,31601057,26334220,36867905,42134742,47401591,52668428,63202113,63202113,84269496,100070018,115870552,131671086
强化187级花费,187,321963,328736,332123,342283,340595,1358451,1371998,1405852,1399079,1463424,1483744,6334240,1517610,21337846,21337846,21337846,21337846,26672319,26672319,32006780,26672319,37341242,42675703,48010164,53344626,64013549,64013549,85351406,101354790,117358174,133361570
强化188级花费,188,327786,334640,338079,348361,346647,1382625,1396346,1430642,1423776,1488940,1509515,6598372,1543811,21609865,21609865,21609865,21609865,27012322,27012322,32414791,27012322,37817260,43219717,48622186,54024655,64829582,64829582,86439446,102646842,118854237,135061632
强化189级花费,189,333672,340620,344088,354504,352776,1407072,1420968,1455696,1448748,1514736,1535568,6872040,1570296,21883404,21883404,21883404,21883404,27354252,27354252,32825100,27354252,38295960,43766808,49237656,54708504,65650212,65650212,87533616,103946160,120358716,136771272
强化190级花费,190,339623,346653,350174,360725,358971,1431793,1445853,1481028,1473986,1540802,1561904,7155456,1597067,22158476,22158476,22158476,22158476,27698098,27698098,33237720,27698098,38777342,44316952,49856574,55396196,66475440,66475440,88633916,105252770,121871636,138490490
强化191级花费,191,345650,352763,356325,367013,365231,1456790,1471027,1506627,1499514,1567163,1588525,7448832,1624125,22435080,22435080,22435080,22435080,28043859,28043859,33652626,28043859,39261406,44870173,50478940,56087719,67305253,67305253,89740345,106566658,123392972,140219285
强化192级花费,192,351731,358939,362543,373354,371558,1482052,1496480,1532519,1525311,1593797,1615421,7752370,1651472,22713229,22713229,22713229,22713229,28391537,28391537,34069844,28391537,39748139,45426446,51104753,56783061,68139675,68139675,90852905,107887826,124922736,141957658
强化193级花费,193,357889,365180,368838,379787,377952,1507604,1522199,1558692,1551389,1620717,1642616,8066274,1679109,22992898,22992898,22992898,22992898,28741117,28741117,34489348,28741117,40237566,45985797,51734015,57482246,68978695,68978695,91971594,109216261,126460941,143705609
强化194级花费,194,364113,371500,375188,386275,384425,1533425,1548200,1585138,1577750,1647925,1670088,8390775,1707025,23274100,23274100,23274100,23274100,29092625,29092625,34911150,29092625,40729675,46548200,52366725,58185263,69822313,69822313,93096413,110551988,128007563,145463138
强化195级花费,195,370402,377887,381616,392830,390965,1559527,1574483,1611868,1604396,1675422,1697850,8726092,1735247,23556834,23556834,23556834,23556834,29446049,29446049,35335264,29446049,41224466,47113681,53002895,58892098,70670515,70670515,94227361,111894993,129562625,147230244
强化196级花费,196,376771,384327,388112,399466,397574,1585925,1601051,1638884,1631328,1703210,1725917,9072423,1763751,23841113,23841113,23841113,23841113,29801388,29801388,35761663,29801388,41721938,47682214,53642501,59602776,71523327,71523327,95364440,113245265,131126103,149006941
强化197级花费,197,383194,390848,394688,406170,404250,1612582,1627904,1666189,1658534,1731290,1754266,9430003,1792550,24126912,24126912,24126912,24126912,30158643,30158643,36190362,30158643,42222093,48253824,54285555,60317274,72380736,72380736,96507648,114602829,132698010,150793203
强化198级花费,198,389696,397449,401319,412942,411007,1639538,1655044,1693783,1686043,1759650,1782896,9799034,1821648,24414243,24414243,24414243,24414243,30517814,30517814,36621371,30517814,42724929,48828487,54932057,61035615,73242743,73242743,97656986,115967672,134278358,152589043
强化199级花费,199,396266,404105,408031,419796,417833,1666782,1682460,1721668,1713829,1788319,1811836,10179767,1851044,24703107,24703107,24703107,24703107,30878887,30878887,37054667,30878887,43230447,49406227,55582007,61757787,74109334,74109334,98812454,117339794,135867121,154394461
强化200级花费,200,402904,410842,414812,426706,424728,1694315,1710179,1749846,1741907,1817271,1841074,10572407,1880728,24993516,24993516,24993516,24993516,31241889,31241889,37490274,31241889,43738647,49987019,56235405,62483777,74980536,74980536,99974052,118719182,137464326,156209457
